time,type,local time,latitude,longitude
20120217_00, DB,20120217_00,10.0,116.8
20120217_06, DB,20120217_06,9.9,115.7
20120217_12, DB,20120217_12,9.7,114.4
20120217_18, DB,20120217_18,9.8,113.3
20120218_00, DB,20120218_00,9.8,112.7
20120218_06, DB,20120218_06,9.8,112.4
20120218_12, DB,20120218_12,9.9,113.2
20120218_18, DB,20120218_18,9.9,112.6
20120219_00, TD,20120219_00,9.6,112.9
20120219_03, TD,20120219_03,10.0,112.9
20120219_06, TD,20120219_06,10.4,112.3
20120219_12, DB,20120219_12,9.7,111.9
20120219_18, DB,20120219_18,9.3,112.1
20120220_00, DB,20120220_00,9.0,111.8
20120220_06, DB,20120220_06,8.8,111.5
20120220_09, TD,20120220_09,8.9,111.7
20120220_12, DB,20120220_12,9.2,111.5
20120220_18, DB,20120220_18,9.0,111.2
20120221_00, TD,20120221_00,9.5,110.4
20120327_18, DB,20120327_18,9.2,113.4
20120328_00, DB,20120328_00,9.4,113.3
20120328_06, DB,20120328_06,9.6,113.2
20120328_12, DB,20120328_12,9.7,112.9
20120328_18, TD,20120328_18,9.6,112.7
20120329_00, TD,20120329_00,9.6,112.5
20120329_06, TS,20120329_06,9.7,112.2
20120329_12, TS,20120329_12,9.8,111.9
20120329_18, TS,20120329_18,9.7,111.6
20120329_18, TS,20120329_18,9.7,111.6
20120330_00, TS,20120330_00,9.6,111.4
20120330_00, TS,20120330_00,9.6,111.4
20120330_06, TS,20120330_06,9.6,111.1
20120330_06, TS,20120330_06,9.6,111.1
20120330_12, TS,20120330_12,9.7,110.8
20120330_12, TS,20120330_12,9.7,110.8
20120330_18, TS,20120330_18,9.6,110.5
20120330_18, TS,20120330_18,9.6,110.5
20120331_00, TS,20120331_00,9.5,110.2
20120331_00, TS,20120331_00,9.5,110.2
20120331_06, TS,20120331_06,9.5,109.9
20120331_12, TS,20120331_12,9.3,109.3
20120331_18, TS,20120331_18,9.4,108.7
20120401_00, TS,20120401_00,9.8,108.2
20120401_06, TS,20120401_06,10.3,107.7
20120401_12, TS,20120401_12,11.0,107.2
20120401_18, TD,20120401_18,11.8,106.8
20120520_06, DB,20120520_06,11.1,148.0
20120520_12, DB,20120520_12,10.8,147.5
20120520_18, TD,20120520_18,10.8,146.9
20120521_00, DB,20120521_00,11.2,146.4
20120521_06, TD,20120521_06,11.3,145.6
20120521_12, TD,20120521_12,11.8,145.0
20120521_18, TS,20120521_18,12.3,144.4
20120522_00, TS,20120522_00,13.4,144.2
20120522_06, TS,20120522_06,14.1,143.3
20120522_12, TS,20120522_12,14.7,142.3
20120522_18, TS,20120522_18,15.6,141.7
20120523_00, TS,20120523_00,16.3,141.0
20120523_06, TS,20120523_06,16.8,140.4
20120523_06, TS,20120523_06,16.8,140.4
20120523_12, TS,20120523_12,17.4,139.8
20120523_12, TS,20120523_12,17.4,139.8
20120523_18, TS,20120523_18,18.1,139.3
20120523_18, TS,20120523_18,18.1,139.3
20120524_00, TS,20120524_00,19.0,139.1
20120524_00, TS,20120524_00,19.0,139.1
20120524_06, TS,20120524_06,19.9,139.0
20120524_06, TS,20120524_06,19.9,139.0
20120524_12, TY,20120524_12,20.7,138.8
20120524_12, TY,20120524_12,20.7,138.8
20120524_18, TY,20120524_18,21.5,138.8
20120524_18, TY,20120524_18,21.5,138.8
20120524_18, TY,20120524_18,21.5,138.8
20120525_00, TY,20120525_00,22.2,139.2
20120525_00, TY,20120525_00,22.2,139.2
20120525_00, TY,20120525_00,22.2,139.2
20120525_06, TY,20120525_06,23.0,139.5
20120525_06, TY,20120525_06,23.0,139.5
20120525_06, TY,20120525_06,23.0,139.5
20120525_12, TY,20120525_12,23.6,139.9
20120525_12, TY,20120525_12,23.6,139.9
20120525_12, TY,20120525_12,23.6,139.9
20120525_18, TY,20120525_18,24.1,140.5
20120525_18, TY,20120525_18,24.1,140.5
20120525_18, TY,20120525_18,24.1,140.5
20120526_00, TY,20120526_00,24.6,141.2
20120526_00, TY,20120526_00,24.6,141.2
20120526_00, TY,20120526_00,24.6,141.2
20120526_06, TY,20120526_06,25.0,142.1
20120526_06, TY,20120526_06,25.0,142.1
20120526_06, TY,20120526_06,25.0,142.1
20120526_12, TY,20120526_12,25.6,143.0
20120526_12, TY,20120526_12,25.6,143.0
20120526_18, TS,20120526_18,26.1,144.0
20120526_18, TS,20120526_18,26.1,144.0
20120527_00, TS,20120527_00,26.8,145.1
20120527_06, TS,20120527_06,27.6,146.8
20120527_12, TS,20120527_12,28.5,148.6
20120527_18, EX,20120527_18,29.8,150.1
20120531_00, DB,20120531_00,12.4,129.5
20120531_06, DB,20120531_06,12.2,128.5
20120531_12, DB,20120531_12,12.5,127.5
20120531_18, TD,20120531_18,13.4,126.9
20120601_00, TD,20120601_00,14.3,126.4
20120601_06, TS,20120601_06,14.9,125.6
20120601_12, TS,20120601_12,15.7,125.0
20120601_18, TS,20120601_18,16.2,124.7
20120602_00, TS,20120602_00,16.7,124.1
20120602_00, TS,20120602_00,16.7,124.1
20120602_06, TS,20120602_06,17.1,124.4
20120602_06, TS,20120602_06,17.1,124.4
20120602_12, TY,20120602_12,17.6,124.7
20120602_12, TY,20120602_12,17.6,124.7
20120602_12, TY,20120602_12,17.6,124.7
20120602_18, TY,20120602_18,18.1,124.9
20120602_18, TY,20120602_18,18.1,124.9
20120602_18, TY,20120602_18,18.1,124.9
20120603_00, TY,20120603_00,18.7,125.0
20120603_00, TY,20120603_00,18.7,125.0
20120603_00, TY,20120603_00,18.7,125.0
20120603_06, TY,20120603_06,19.3,125.5
20120603_06, TY,20120603_06,19.3,125.5
20120603_06, TY,20120603_06,19.3,125.5
20120603_12, TY,20120603_12,20.1,125.7
20120603_12, TY,20120603_12,20.1,125.7
20120603_12, TY,20120603_12,20.1,125.7
20120603_18, TY,20120603_18,20.9,125.9
20120603_18, TY,20120603_18,20.9,125.9
20120603_18, TY,20120603_18,20.9,125.9
20120604_00, TY,20120604_00,21.6,126.2
20120604_00, TY,20120604_00,21.6,126.2
20120604_00, TY,20120604_00,21.6,126.2
20120604_06, TY,20120604_06,22.6,126.7
20120604_06, TY,20120604_06,22.6,126.7
20120604_06, TY,20120604_06,22.6,126.7
20120604_12, TY,20120604_12,23.5,127.6
20120604_12, TY,20120604_12,23.5,127.6
20120604_12, TY,20120604_12,23.5,127.6
20120604_18, TY,20120604_18,24.6,128.7
20120604_18, TY,20120604_18,24.6,128.7
20120604_18, TY,20120604_18,24.6,128.7
20120605_00, TY,20120605_00,26.2,130.2
20120605_00, TY,20120605_00,26.2,130.2
20120605_00, TY,20120605_00,26.2,130.2
20120605_06, TY,20120605_06,27.5,132.0
20120605_06, TY,20120605_06,27.5,132.0
20120605_12, TS,20120605_12,28.7,134.4
20120605_12, TS,20120605_12,28.7,134.4
20120605_18, TS,20120605_18,29.9,137.7
20120605_18, TS,20120605_18,29.9,137.7
20120606_00, TS,20120606_00,31.3,141.1
20120606_06, EX,20120606_06,34.3,145.3
20120610_00, DB,20120610_00,6.1,150.4
20120610_06, DB,20120610_06,6.9,149.8
20120610_12, DB,20120610_12,7.7,149.1
20120610_18, TD,20120610_18,8.6,148.5
20120611_00, TD,20120611_00,9.3,147.9
20120611_06, TD,20120611_06,9.6,146.6
20120611_12, TD,20120611_12,9.6,145.3
20120611_18, TD,20120611_18,9.6,144.3
20120612_00, TS,20120612_00,9.6,143.5
20120612_06, TS,20120612_06,9.6,142.7
20120612_12, TS,20120612_12,9.6,141.9
20120612_18, TS,20120612_18,9.7,141.1
20120613_00, TS,20120613_00,9.9,140.2
20120613_06, TS,20120613_06,10.5,139.1
20120613_12, TS,20120613_12,10.8,137.8
20120613_18, TS,20120613_18,10.9,136.4
20120614_00, TS,20120614_00,10.9,135.1
20120614_00, TS,20120614_00,10.9,135.1
20120614_06, TY,20120614_06,10.7,133.9
20120614_06, TY,20120614_06,10.7,133.9
20120614_12, TY,20120614_12,10.6,132.8
20120614_12, TY,20120614_12,10.6,132.8
20120614_12, TY,20120614_12,10.6,132.8
20120614_18, TY,20120614_18,10.4,132.2
20120614_18, TY,20120614_18,10.4,132.2
20120614_18, TY,20120614_18,10.4,132.2
20120615_00, TY,20120615_00,10.2,131.5
20120615_00, TY,20120615_00,10.2,131.5
20120615_00, TY,20120615_00,10.2,131.5
20120615_06, TY,20120615_06,10.7,131.3
20120615_06, TY,20120615_06,10.7,131.3
20120615_06, TY,20120615_06,10.7,131.3
20120615_09, TY,20120615_09,11.0,131.1
20120615_09, TY,20120615_09,11.0,131.1
20120615_09, TY,20120615_09,11.0,131.1
20120615_12, TY,20120615_12,11.3,130.9
20120615_12, TY,20120615_12,11.3,130.9
20120615_12, TY,20120615_12,11.3,130.9
20120615_18, TY,20120615_18,11.9,130.5
20120615_18, TY,20120615_18,11.9,130.5
20120615_18, TY,20120615_18,11.9,130.5
20120616_00, TY,20120616_00,12.9,130.2
20120616_00, TY,20120616_00,12.9,130.2
20120616_00, TY,20120616_00,12.9,130.2
20120616_06, TY,20120616_06,14.0,129.6
20120616_06, TY,20120616_06,14.0,129.6
20120616_06, TY,20120616_06,14.0,129.6
20120616_12, TY,20120616_12,15.0,128.8
20120616_12, TY,20120616_12,15.0,128.8
20120616_12, TY,20120616_12,15.0,128.8
20120616_18, ST,20120616_18,16.2,128.3
20120616_18, ST,20120616_18,16.2,128.3
20120616_18, ST,20120616_18,16.2,128.3
20120617_00, ST,20120617_00,17.3,127.7
20120617_00, ST,20120617_00,17.3,127.7
20120617_00, ST,20120617_00,17.3,127.7
20120617_06, ST,20120617_06,18.4,127.3
20120617_06, ST,20120617_06,18.4,127.3
20120617_06, ST,20120617_06,18.4,127.3
20120617_12, TY,20120617_12,19.7,127.1
20120617_12, TY,20120617_12,19.7,127.1
20120617_12, TY,20120617_12,19.7,127.1
20120617_18, TY,20120617_18,21.0,127.2
20120617_18, TY,20120617_18,21.0,127.2
20120617_18, TY,20120617_18,21.0,127.2
20120618_00, TY,20120618_00,22.3,127.4
20120618_00, TY,20120618_00,22.3,127.4
20120618_00, TY,20120618_00,22.3,127.4
20120618_06, TY,20120618_06,23.9,127.9
20120618_06, TY,20120618_06,23.9,127.9
20120618_06, TY,20120618_06,23.9,127.9
20120618_12, TY,20120618_12,25.4,128.8
20120618_12, TY,20120618_12,25.4,128.8
20120618_12, TY,20120618_12,25.4,128.8
20120618_18, TY,20120618_18,27.3,130.3
20120618_18, TY,20120618_18,27.3,130.3
20120618_18, TY,20120618_18,27.3,130.3
20120619_00, TY,20120619_00,29.6,131.9
20120619_00, TY,20120619_00,29.6,131.9
20120619_00, TY,20120619_00,29.6,131.9
20120619_06, TS,20120619_06,32.5,134.7
20120619_06, TS,20120619_06,32.5,134.7
20120619_12, TS,20120619_12,35.0,137.4
20120619_18, EX,20120619_18,37.3,140.8
20120620_00, EX,20120620_00,38.5,143.6
20120617_00, TD,20120617_00,19.6,111.1
20120617_06, TD,20120617_06,19.0,111.1
20120617_12, TD,20120617_12,18.6,111.4
20120617_18, DB,20120617_18,18.8,111.9
20120618_00, TD,20120618_00,19.0,112.4
20120618_06, TS,20120618_06,19.2,112.9
20120618_12, TS,20120618_12,19.2,113.6
20120618_18, TS,20120618_18,19.3,114.3
20120619_00, TS,20120619_00,19.7,114.9
20120619_06, TS,20120619_06,20.2,115.7
20120619_12, TS,20120619_12,20.8,116.4
20120619_12, TS,20120619_12,20.8,116.4
20120619_18, TS,20120619_18,21.6,117.0
20120620_00, TS,20120620_00,22.7,117.7
20120620_06, TS,20120620_06,23.8,118.6
20120620_12, TS,20120620_12,24.2,120.1
20120620_18, TD,20120620_18,25.7,121.1
20120625_12, DB,20120625_12,13.2,134.5
20120625_18, DB,20120625_18,13.6,133.6
20120626_00, DB,20120626_00,14.5,132.8
20120626_06, TD,20120626_06,15.3,131.6
20120626_12, TD,20120626_12,15.1,130.2
20120626_18, TD,20120626_18,15.3,128.8
20120626_21, TD,20120626_21,15.0,128.3
20120627_00, TS,20120627_00,15.3,127.9
20120627_03, TS,20120627_03,15.6,127.9
20120627_06, TD,20120627_06,16.2,127.8
20120627_09, TD,20120627_09,16.9,127.5
20120627_12, TD,20120627_12,17.6,127.0
20120627_18, TD,20120627_18,18.0,125.6
20120628_00, TD,20120628_00,19.1,124.8
20120628_03, TD,20120628_03,20.0,123.7
20120628_06, TD,20120628_06,19.5,123.0
20120628_12, TS,20120628_12,19.9,121.2
20120628_18, TS,20120628_18,20.2,119.4
20120629_00, TS,20120629_00,20.6,117.6
20120629_06, TS,20120629_06,20.9,116.2
20120629_12, TS,20120629_12,21.6,114.7
20120629_18, TS,20120629_18,21.9,113.4
20120630_00, TD,20120630_00,22.2,112.2
20120713_18, DB,20120713_18,18.7,143.8
20120714_00, DB,20120714_00,19.1,144.0
20120714_06, DB,20120714_06,19.5,143.9
20120714_12, DB,20120714_12,19.8,143.8
20120714_18, DB,20120714_18,20.2,143.3
20120715_00, DB,20120715_00,20.7,142.8
20120715_06, DB,20120715_06,21.7,141.8
20120715_12, TD,20120715_12,22.5,140.1
20120715_18, TD,20120715_18,22.9,138.8
20120716_00, TD,20120716_00,23.3,137.6
20120716_06, TD,20120716_06,24.0,136.1
20120716_12, TS,20120716_12,24.9,134.5
20120716_18, TS,20120716_18,25.6,132.8
20120717_00, TS,20120717_00,26.3,131.1
20120717_06, TS,20120717_06,26.8,129.6
20120717_12, TS,20120717_12,27.7,128.3
20120717_18, TS,20120717_18,28.8,127.4
20120718_00, TS,20120718_00,29.9,126.7
20120718_06, TS,20120718_06,32.0,126.2
20120718_06, TS,20120718_06,32.0,126.2
20120718_12, TS,20120718_12,33.7,126.3
20120718_18, TS,20120718_18,35.6,126.3
20120719_00, TD,20120719_00,37.3,127.2
20120719_06, EX,20120719_06,39.3,128.9
20120720_06, DB,20120720_06,18.0,123.1
20120720_12, DB,20120720_12,19.0,122.4
20120720_18, DB,20120720_18,19.8,121.5
20120721_00, TD,20120721_00,19.9,120.1
20120721_06, DB,20120721_06,19.5,118.1
20120721_12, TD,20120721_12,19.3,116.9
20120721_18, TS,20120721_18,19.2,116.3
20120722_00, TS,20120722_00,19.0,115.8
20120722_06, TS,20120722_06,19.0,115.4
20120722_12, TS,20120722_12,19.1,115.2
20120722_18, TS,20120722_18,19.3,115.1
20120723_00, TS,20120723_00,19.7,115.2
20120723_00, TS,20120723_00,19.7,115.2
20120723_06, TY,20120723_06,20.5,114.8
20120723_06, TY,20120723_06,20.5,114.8
20120723_06, TY,20120723_06,20.5,114.8
20120723_12, TY,20120723_12,21.1,114.2
20120723_12, TY,20120723_12,21.1,114.2
20120723_12, TY,20120723_12,21.1,114.2
20120723_15, TY,20120723_15,21.4,113.8
20120723_15, TY,20120723_15,21.4,113.8
20120723_15, TY,20120723_15,21.4,113.8
20120723_18, TY,20120723_18,21.7,113.3
20120723_18, TY,20120723_18,21.7,113.3
20120723_18, TY,20120723_18,21.7,113.3
20120724_00, TY,20120724_00,22.3,112.3
20120724_00, TY,20120724_00,22.3,112.3
20120724_00, TY,20120724_00,22.3,112.3
20120724_06, TS,20120724_06,23.0,110.5
20120724_06, TS,20120724_06,23.0,110.5
20120724_12, TS,20120724_12,23.4,108.9
20120724_18, TS,20120724_18,23.7,107.2
20120725_00, DB,20120725_00,23.8,105.2
20120727_00, DB,20120727_00,12.3,128.8
20120727_06, DB,20120727_06,12.4,128.3
20120727_12, DB,20120727_12,12.7,127.6
20120727_18, TD,20120727_18,13.6,127.3
20120728_00, TD,20120728_00,14.5,127.0
20120728_06, TD,20120728_06,15.4,126.6
20120728_12, TD,20120728_12,16.2,126.3
20120728_18, TS,20120728_18,17.0,126.1
20120729_00, TS,20120729_00,17.8,126.0
20120729_06, TS,20120729_06,18.4,125.8
20120729_12, TS,20120729_12,18.6,125.3
20120729_18, TS,20120729_18,19.1,124.9
20120729_18, TS,20120729_18,19.1,124.9
20120730_00, TS,20120730_00,19.7,125.0
20120730_00, TS,20120730_00,19.7,125.0
20120730_06, TS,20120730_06,20.1,124.9
20120730_06, TS,20120730_06,20.1,124.9
20120730_12, TS,20120730_12,20.5,124.7
20120730_12, TS,20120730_12,20.5,124.7
20120730_18, TS,20120730_18,20.4,124.3
20120730_18, TS,20120730_18,20.4,124.3
20120731_00, TS,20120731_00,20.6,124.3
20120731_00, TS,20120731_00,20.6,124.3
20120731_06, TY,20120731_06,21.2,124.5
20120731_06, TY,20120731_06,21.2,124.5
20120731_12, TY,20120731_12,21.8,124.1
20120731_12, TY,20120731_12,21.8,124.1
20120731_18, TY,20120731_18,22.3,123.8
20120731_18, TY,20120731_18,22.3,123.8
20120731_18, TY,20120731_18,22.3,123.8
20120801_00, TY,20120801_00,22.8,123.6
20120801_00, TY,20120801_00,22.8,123.6
20120801_00, TY,20120801_00,22.8,123.6
20120801_06, TY,20120801_06,23.5,123.4
20120801_06, TY,20120801_06,23.5,123.4
20120801_06, TY,20120801_06,23.5,123.4
20120801_12, TY,20120801_12,24.0,122.9
20120801_12, TY,20120801_12,24.0,122.9
20120801_12, TY,20120801_12,24.0,122.9
20120801_18, TY,20120801_18,24.3,122.0
20120801_18, TY,20120801_18,24.3,122.0
20120801_18, TY,20120801_18,24.3,122.0
20120801_21, TY,20120801_21,24.4,121.7
20120801_21, TY,20120801_21,24.4,121.7
20120801_21, TY,20120801_21,24.4,121.7
20120801_22, TY,20120801_22,24.2,121.6
20120801_22, TY,20120801_22,24.2,121.6
20120801_22, TY,20120801_22,24.2,121.6
20120801_23, TY,20120801_23,24.0,121.7
20120801_23, TY,20120801_23,24.0,121.7
20120801_23, TY,20120801_23,24.0,121.7
20120802_00, TY,20120802_00,24.1,121.9
20120802_00, TY,20120802_00,24.1,121.9
20120802_00, TY,20120802_00,24.1,121.9
20120802_06, TS,20120802_06,24.9,122.0
20120802_12, TS,20120802_12,25.5,121.3
20120802_18, TS,20120802_18,26.2,120.6
20120803_00, TS,20120803_00,26.6,119.7
20120803_06, TD,20120803_06,26.9,118.6
20120803_12, TD,20120803_12,27.3,117.6
20120728_06, TD,20120728_06,25.9,146.5
20120728_12, TD,20120728_12,25.8,146.3
20120728_18, TD,20120728_18,25.8,146.1
20120729_00, TD,20120729_00,25.8,145.9
20120729_06, TD,20120729_06,25.7,145.7
20120729_12, TS,20120729_12,25.5,145.6
20120729_18, TS,20120729_18,25.5,145.4
20120730_00, TS,20120730_00,25.5,145.1
20120730_06, TS,20120730_06,25.8,144.7
20120730_12, TS,20120730_12,26.6,143.7
20120730_18, TS,20120730_18,27.5,142.3
20120731_00, TS,20120731_00,28.1,140.6
20120731_06, TS,20120731_06,28.7,138.9
20120731_12, TS,20120731_12,29.1,137.0
20120731_18, TS,20120731_18,29.6,134.9
20120731_18, TS,20120731_18,29.6,134.9
20120801_00, TS,20120801_00,30.1,132.7
20120801_00, TS,20120801_00,30.1,132.7
20120801_06, TS,20120801_06,30.4,130.7
20120801_06, TS,20120801_06,30.4,130.7
20120801_12, TY,20120801_12,31.0,128.9
20120801_12, TY,20120801_12,31.0,128.9
20120801_18, TY,20120801_18,31.8,126.7
20120801_18, TY,20120801_18,31.8,126.7
20120801_18, TY,20120801_18,31.8,126.7
20120802_00, TY,20120802_00,32.7,124.4
20120802_00, TY,20120802_00,32.7,124.4
20120802_00, TY,20120802_00,32.7,124.4
20120802_06, TY,20120802_06,33.8,122.1
20120802_06, TY,20120802_06,33.8,122.1
20120802_06, TY,20120802_06,33.8,122.1
20120802_12, TY,20120802_12,34.5,120.4
20120802_12, TY,20120802_12,34.5,120.4
20120802_18, TS,20120802_18,35.1,119.3
20120802_18, TS,20120802_18,35.1,119.3
20120803_00, TS,20120803_00,35.8,118.5
20120801_12, DB,20120801_12,23.2,145.9
20120801_18, DB,20120801_18,23.7,144.8
20120802_00, DB,20120802_00,23.3,143.8
20120802_06, DB,20120802_06,22.7,143.1
20120802_12, DB,20120802_12,23.1,142.2
20120802_18, TD,20120802_18,23.5,141.3
20120803_00, TD,20120803_00,23.8,140.4
20120803_06, TD,20120803_06,24.4,139.7
20120803_12, TD,20120803_12,24.7,138.4
20120803_18, TD,20120803_18,25.0,136.4
20120804_00, TD,20120804_00,24.8,134.3
20120804_06, TS,20120804_06,25.5,132.8
20120804_12, TS,20120804_12,26.0,131.3
20120804_18, TS,20120804_18,26.5,130.2
20120805_00, TS,20120805_00,26.8,129.2
20120805_06, TS,20120805_06,27.3,128.4
20120805_06, TS,20120805_06,27.3,128.4
20120805_12, TS,20120805_12,27.4,127.3
20120805_12, TS,20120805_12,27.4,127.3
20120805_18, TS,20120805_18,27.1,126.6
20120805_18, TS,20120805_18,27.1,126.6
20120806_00, TS,20120806_00,27.3,126.0
20120806_00, TS,20120806_00,27.3,126.0
20120806_06, TS,20120806_06,27.4,125.4
20120806_06, TS,20120806_06,27.4,125.4
20120806_12, TY,20120806_12,27.3,124.9
20120806_12, TY,20120806_12,27.3,124.9
20120806_18, TY,20120806_18,27.2,124.4
20120806_18, TY,20120806_18,27.2,124.4
20120807_00, TY,20120807_00,27.3,123.9
20120807_00, TY,20120807_00,27.3,123.9
20120807_06, TY,20120807_06,27.8,123.5
20120807_06, TY,20120807_06,27.8,123.5
20120807_12, TY,20120807_12,28.3,123.0
20120807_12, TY,20120807_12,28.3,123.0
20120807_18, TY,20120807_18,29.0,122.3
20120807_18, TY,20120807_18,29.0,122.3
20120808_00, TS,20120808_00,29.5,121.4
20120808_00, TS,20120808_00,29.5,121.4
20120808_06, TS,20120808_06,30.0,120.5
20120808_12, TS,20120808_12,30.5,119.5
20120808_18, TS,20120808_18,30.7,118.4
20120809_00, TD,20120809_00,30.7,117.7
20120809_06, TD,20120809_06,30.7,117.1
20120809_12, TD,20120809_12,30.7,117.0
20120809_18, TD,20120809_18,30.5,116.9
20120804_00, DB,20120804_00,23.2,162.6
20120804_06, DB,20120804_06,23.4,163.0
20120804_12, DB,20120804_12,23.7,162.5
20120804_18, TD,20120804_18,23.6,161.9
20120805_00, TD,20120805_00,22.9,161.6
20120805_06, TD,20120805_06,23.5,162.1
20120805_12, TD,20120805_12,24.2,162.5
20120805_18, TS,20120805_18,25.2,162.4
20120806_00, TD,20120806_00,25.8,162.5
20120806_06, TS,20120806_06,26.6,163.0
20120806_12, TS,20120806_12,27.5,162.8
20120806_18, TS,20120806_18,28.4,162.3
20120807_00, TS,20120807_00,29.0,161.9
20120807_06, TS,20120807_06,29.6,161.3
20120807_12, TS,20120807_12,30.2,160.7
20120807_18, TS,20120807_18,30.9,160.2
20120808_00, TS,20120808_00,31.6,159.4
20120808_06, TS,20120808_06,31.9,158.2
20120808_12, TS,20120808_12,32.7,157.2
20120808_18, TS,20120808_18,33.6,156.3
20120809_00, TS,20120809_00,34.6,155.2
20120809_06, TS,20120809_06,36.0,154.0
20120809_12, TS,20120809_12,37.4,152.8
20120809_18, TS,20120809_18,39.5,151.3
20120810_00, TS,20120810_00,41.9,149.4
20120810_06, TS,20120810_06,44.6,147.7
20120810_12, EX,20120810_12,47.0,145.9
20120811_12, TD,20120811_12,16.2,133.3
20120811_18, TD,20120811_18,16.3,132.8
20120812_00, TD,20120812_00,16.5,132.3
20120812_06, DB,20120812_06,16.6,131.5
20120812_12, DB,20120812_12,16.8,130.6
20120812_18, TD,20120812_18,16.9,129.6
20120813_00, TD,20120813_00,16.5,129.0
20120813_06, TS,20120813_06,16.6,128.1
20120813_12, TS,20120813_12,17.0,127.0
20120813_18, TS,20120813_18,17.6,126.2
20120814_00, TS,20120814_00,18.2,125.7
20120814_06, TS,20120814_06,17.7,124.7
20120814_12, TS,20120814_12,17.1,123.3
20120814_18, TS,20120814_18,17.3,122.7
20120814_18, TS,20120814_18,17.3,122.7
20120815_00, TS,20120815_00,18.2,122.0
20120815_00, TS,20120815_00,18.2,122.0
20120815_06, TS,20120815_06,18.8,120.6
20120815_06, TS,20120815_06,18.8,120.6
20120815_12, TS,20120815_12,18.7,119.3
20120815_12, TS,20120815_12,18.7,119.3
20120815_18, TS,20120815_18,18.8,118.0
20120815_18, TS,20120815_18,18.8,118.0
20120816_00, TY,20120816_00,19.2,117.1
20120816_00, TY,20120816_00,19.2,117.1
20120816_00, TY,20120816_00,19.2,117.1
20120816_06, TY,20120816_06,19.3,115.6
20120816_06, TY,20120816_06,19.3,115.6
20120816_12, TY,20120816_12,19.8,114.2
20120816_12, TY,20120816_12,19.8,114.2
20120816_18, TY,20120816_18,20.2,112.8
20120816_18, TY,20120816_18,20.2,112.8
20120817_00, TY,20120817_00,20.7,111.3
20120817_00, TY,20120817_00,20.7,111.3
20120817_00, TY,20120817_00,20.7,111.3
20120817_06, TY,20120817_06,21.2,109.8
20120817_06, TY,20120817_06,21.2,109.8
20120817_12, TS,20120817_12,21.4,107.7
20120817_12, TS,20120817_12,21.4,107.7
20120817_18, TS,20120817_18,21.4,106.1
20120817_18, TS,20120817_18,21.4,106.1
20120818_00, TS,20120818_00,21.6,105.3
20120818_12, DB,20120818_12,17.8,124.9
20120818_18, TD,20120818_18,18.0,124.7
20120819_00, TS,20120819_00,17.8,124.6
20120819_06, TS,20120819_06,17.6,124.6
20120819_12, TS,20120819_12,17.5,124.8
20120819_18, TS,20120819_18,17.6,124.8
20120819_18, TS,20120819_18,17.6,124.8
20120820_00, TY,20120820_00,17.9,124.8
20120820_00, TY,20120820_00,17.9,124.8
20120820_00, TY,20120820_00,17.9,124.8
20120820_06, TY,20120820_06,18.4,124.9
20120820_06, TY,20120820_06,18.4,124.9
20120820_06, TY,20120820_06,18.4,124.9
20120820_12, TY,20120820_12,18.8,125.2
20120820_12, TY,20120820_12,18.8,125.2
20120820_12, TY,20120820_12,18.8,125.2
20120820_18, TY,20120820_18,19.5,125.3
20120820_18, TY,20120820_18,19.5,125.3
20120820_18, TY,20120820_18,19.5,125.3
20120821_00, TY,20120821_00,20.1,125.5
20120821_00, TY,20120821_00,20.1,125.5
20120821_00, TY,20120821_00,20.1,125.5
20120821_06, TY,20120821_06,21.0,125.4
20120821_06, TY,20120821_06,21.0,125.4
20120821_06, TY,20120821_06,21.0,125.4
20120821_12, TY,20120821_12,21.7,125.2
20120821_12, TY,20120821_12,21.7,125.2
20120821_12, TY,20120821_12,21.7,125.2
20120821_18, TY,20120821_18,21.9,124.9
20120821_18, TY,20120821_18,21.9,124.9
20120821_18, TY,20120821_18,21.9,124.9
20120822_00, TY,20120822_00,22.2,124.6
20120822_00, TY,20120822_00,22.2,124.6
20120822_00, TY,20120822_00,22.2,124.6
20120822_06, TY,20120822_06,22.4,124.4
20120822_06, TY,20120822_06,22.4,124.4
20120822_06, TY,20120822_06,22.4,124.4
20120822_12, TY,20120822_12,22.5,124.2
20120822_12, TY,20120822_12,22.5,124.2
20120822_12, TY,20120822_12,22.5,124.2
20120822_18, TY,20120822_18,22.6,123.9
20120822_18, TY,20120822_18,22.6,123.9
20120822_18, TY,20120822_18,22.6,123.9
20120823_00, TY,20120823_00,22.6,123.6
20120823_00, TY,20120823_00,22.6,123.6
20120823_00, TY,20120823_00,22.6,123.6
20120823_06, TY,20120823_06,22.7,123.1
20120823_06, TY,20120823_06,22.7,123.1
20120823_06, TY,20120823_06,22.7,123.1
20120823_12, TY,20120823_12,22.7,122.4
20120823_12, TY,20120823_12,22.7,122.4
20120823_12, TY,20120823_12,22.7,122.4
20120823_18, TY,20120823_18,22.5,121.5
20120823_18, TY,20120823_18,22.5,121.5
20120823_18, TY,20120823_18,22.5,121.5
20120824_00, TY,20120824_00,22.2,120.6
20120824_00, TY,20120824_00,22.2,120.6
20120824_00, TY,20120824_00,22.2,120.6
20120824_06, TY,20120824_06,22.3,120.0
20120824_06, TY,20120824_06,22.3,120.0
20120824_06, TY,20120824_06,22.3,120.0
20120824_12, TY,20120824_12,22.6,119.5
20120824_12, TY,20120824_12,22.6,119.5
20120824_12, TY,20120824_12,22.6,119.5
20120824_18, TY,20120824_18,22.5,118.9
20120824_18, TY,20120824_18,22.5,118.9
20120824_18, TY,20120824_18,22.5,118.9
20120825_00, TY,20120825_00,22.6,118.3
20120825_00, TY,20120825_00,22.6,118.3
20120825_00, TY,20120825_00,22.6,118.3
20120825_06, TY,20120825_06,22.3,117.8
20120825_06, TY,20120825_06,22.3,117.8
20120825_06, TY,20120825_06,22.3,117.8
20120825_12, TY,20120825_12,21.9,117.0
20120825_12, TY,20120825_12,21.9,117.0
20120825_12, TY,20120825_12,21.9,117.0
20120825_18, TY,20120825_18,21.4,116.7
20120825_18, TY,20120825_18,21.4,116.7
20120825_18, TY,20120825_18,21.4,116.7
20120826_00, TY,20120826_00,21.0,116.8
20120826_00, TY,20120826_00,21.0,116.8
20120826_00, TY,20120826_00,21.0,116.8
20120826_06, TY,20120826_06,20.9,116.7
20120826_06, TY,20120826_06,20.9,116.7
20120826_06, TY,20120826_06,20.9,116.7
20120826_12, TY,20120826_12,20.6,117.1
20120826_12, TY,20120826_12,20.6,117.1
20120826_12, TY,20120826_12,20.6,117.1
20120826_18, TY,20120826_18,20.5,117.6
20120826_18, TY,20120826_18,20.5,117.6
20120826_18, TY,20120826_18,20.5,117.6
20120827_00, TY,20120827_00,20.5,118.1
20120827_00, TY,20120827_00,20.5,118.1
20120827_00, TY,20120827_00,20.5,118.1
20120827_06, TY,20120827_06,20.8,118.9
20120827_06, TY,20120827_06,20.8,118.9
20120827_06, TY,20120827_06,20.8,118.9
20120827_12, TY,20120827_12,21.3,119.9
20120827_12, TY,20120827_12,21.3,119.9
20120827_18, TS,20120827_18,22.0,121.0
20120827_18, TS,20120827_18,22.0,121.0
20120828_00, TS,20120828_00,22.9,122.0
20120828_00, TS,20120828_00,22.9,122.0
20120828_06, TS,20120828_06,24.0,122.9
20120828_06, TS,20120828_06,24.0,122.9
20120828_12, TS,20120828_12,25.3,123.5
20120828_18, TS,20120828_18,26.6,123.8
20120829_00, TS,20120829_00,27.8,124.0
20120829_06, TS,20120829_06,29.0,124.3
20120829_12, TS,20120829_12,30.4,124.7
20120829_18, TS,20120829_18,32.3,125.1
20120830_00, TS,20120830_00,34.0,126.2
20120830_06, EX,20120830_06,35.3,127.6
20120830_12, EX,20120830_12,36.8,128.5
20120818_12, DB,20120818_12,13.2,141.4
20120818_18, TD,20120818_18,13.8,141.9
20120819_00, DB,20120819_00,14.3,142.3
20120819_06, DB,20120819_06,14.9,142.5
20120819_12, TD,20120819_12,16.0,142.3
20120819_18, TD,20120819_18,16.8,141.9
20120820_00, TD,20120820_00,17.2,141.8
20120820_06, TS,20120820_06,17.6,141.7
20120820_12, TS,20120820_12,18.1,141.5
20120820_18, TS,20120820_18,18.3,141.1
20120821_00, TS,20120821_00,18.3,140.7
20120821_06, TS,20120821_06,18.4,140.2
20120821_06, TS,20120821_06,18.4,140.2
20120821_12, TY,20120821_12,18.7,139.8
20120821_12, TY,20120821_12,18.7,139.8
20120821_18, TY,20120821_18,19.0,139.2
20120821_18, TY,20120821_18,19.0,139.2
20120821_18, TY,20120821_18,19.0,139.2
20120822_00, TY,20120822_00,19.2,138.5
20120822_00, TY,20120822_00,19.2,138.5
20120822_00, TY,20120822_00,19.2,138.5
20120822_06, TY,20120822_06,19.3,137.8
20120822_06, TY,20120822_06,19.3,137.8
20120822_06, TY,20120822_06,19.3,137.8
20120822_12, TY,20120822_12,19.4,137.1
20120822_12, TY,20120822_12,19.4,137.1
20120822_12, TY,20120822_12,19.4,137.1
20120822_18, TY,20120822_18,19.5,136.3
20120822_18, TY,20120822_18,19.5,136.3
20120822_18, TY,20120822_18,19.5,136.3
20120823_00, TY,20120823_00,19.6,135.6
20120823_00, TY,20120823_00,19.6,135.6
20120823_00, TY,20120823_00,19.6,135.6
20120823_06, TY,20120823_06,20.1,135.0
20120823_06, TY,20120823_06,20.1,135.0
20120823_06, TY,20120823_06,20.1,135.0
20120823_12, TY,20120823_12,20.2,134.2
20120823_12, TY,20120823_12,20.2,134.2
20120823_12, TY,20120823_12,20.2,134.2
20120823_18, TY,20120823_18,20.5,133.8
20120823_18, TY,20120823_18,20.5,133.8
20120823_18, TY,20120823_18,20.5,133.8
20120824_00, TY,20120824_00,21.2,133.8
20120824_00, TY,20120824_00,21.2,133.8
20120824_00, TY,20120824_00,21.2,133.8
20120824_06, TY,20120824_06,21.7,133.3
20120824_06, TY,20120824_06,21.7,133.3
20120824_06, TY,20120824_06,21.7,133.3
20120824_12, TY,20120824_12,22.3,133.0
20120824_12, TY,20120824_12,22.3,133.0
20120824_12, TY,20120824_12,22.3,133.0
20120824_18, TY,20120824_18,22.9,132.7
20120824_18, TY,20120824_18,22.9,132.7
20120824_18, TY,20120824_18,22.9,132.7
20120825_00, TY,20120825_00,23.5,132.1
20120825_00, TY,20120825_00,23.5,132.1
20120825_00, TY,20120825_00,23.5,132.1
20120825_06, TY,20120825_06,24.1,131.3
20120825_06, TY,20120825_06,24.1,131.3
20120825_06, TY,20120825_06,24.1,131.3
20120825_12, TY,20120825_12,24.4,130.6
20120825_12, TY,20120825_12,24.4,130.6
20120825_12, TY,20120825_12,24.4,130.6
20120825_18, TY,20120825_18,24.8,130.1
20120825_18, TY,20120825_18,24.8,130.1
20120825_18, TY,20120825_18,24.8,130.1
20120826_00, TY,20120826_00,25.3,129.5
20120826_00, TY,20120826_00,25.3,129.5
20120826_00, TY,20120826_00,25.3,129.5
20120826_06, TY,20120826_06,25.9,128.9
20120826_06, TY,20120826_06,25.9,128.9
20120826_06, TY,20120826_06,25.9,128.9
20120826_12, TY,20120826_12,26.6,128.0
20120826_12, TY,20120826_12,26.6,128.0
20120826_12, TY,20120826_12,26.6,128.0
20120826_18, TY,20120826_18,27.5,127.4
20120826_18, TY,20120826_18,27.5,127.4
20120826_18, TY,20120826_18,27.5,127.4
20120827_00, TY,20120827_00,28.6,126.8
20120827_00, TY,20120827_00,28.6,126.8
20120827_00, TY,20120827_00,28.6,126.8
20120827_06, TY,20120827_06,29.9,126.0
20120827_06, TY,20120827_06,29.9,126.0
20120827_06, TY,20120827_06,29.9,126.0
20120827_12, TY,20120827_12,31.3,125.5
20120827_12, TY,20120827_12,31.3,125.5
20120827_12, TY,20120827_12,31.3,125.5
20120827_18, TY,20120827_18,33.0,125.2
20120827_18, TY,20120827_18,33.0,125.2
20120827_18, TY,20120827_18,33.0,125.2
20120828_00, TS,20120828_00,34.8,124.7
20120828_00, TS,20120828_00,34.8,124.7
20120828_06, TS,20120828_06,36.8,124.6
20120828_06, TS,20120828_06,36.8,124.6
20120828_12, TS,20120828_12,38.9,125.0
20120828_18, TS,20120828_18,41.5,125.6
20120829_00, EX,20120829_00,44.2,127.3
20120910_06, DB,20120910_06,7.4,135.0
20120910_12, DB,20120910_12,8.2,135.0
20120910_18, TD,20120910_18,9.0,135.0
20120911_00, TD,20120911_00,10.1,134.4
20120911_06, TS,20120911_06,11.2,133.9
20120911_12, TS,20120911_12,11.9,133.1
20120911_18, TS,20120911_18,12.1,132.3
20120912_00, TS,20120912_00,12.5,131.6
20120912_00, TS,20120912_00,12.5,131.6
20120912_06, TS,20120912_06,13.0,131.1
20120912_06, TS,20120912_06,13.0,131.1
20120912_12, TY,20120912_12,13.5,130.6
20120912_12, TY,20120912_12,13.5,130.6
20120912_12, TY,20120912_12,13.5,130.6
20120912_18, TY,20120912_18,14.1,130.2
20120912_18, TY,20120912_18,14.1,130.2
20120912_18, TY,20120912_18,14.1,130.2
20120913_00, TY,20120913_00,14.8,129.8
20120913_00, TY,20120913_00,14.8,129.8
20120913_00, TY,20120913_00,14.8,129.8
20120913_06, TY,20120913_06,15.6,129.5
20120913_06, TY,20120913_06,15.6,129.5
20120913_06, TY,20120913_06,15.6,129.5
20120913_12, ST,20120913_12,16.4,129.6
20120913_12, ST,20120913_12,16.4,129.6
20120913_12, ST,20120913_12,16.4,129.6
20120913_18, ST,20120913_18,17.2,129.7
20120913_18, ST,20120913_18,17.2,129.7
20120913_18, ST,20120913_18,17.2,129.7
20120914_00, ST,20120914_00,18.1,129.7
20120914_00, ST,20120914_00,18.1,129.7
20120914_00, ST,20120914_00,18.1,129.7
20120914_06, ST,20120914_06,19.1,129.8
20120914_06, ST,20120914_06,19.1,129.8
20120914_06, ST,20120914_06,19.1,129.8
20120914_12, ST,20120914_12,20.2,129.8
20120914_12, ST,20120914_12,20.2,129.8
20120914_12, ST,20120914_12,20.2,129.8
20120914_18, TY,20120914_18,21.3,129.5
20120914_18, TY,20120914_18,21.3,129.5
20120914_18, TY,20120914_18,21.3,129.5
20120915_00, TY,20120915_00,22.3,129.1
20120915_00, TY,20120915_00,22.3,129.1
20120915_00, TY,20120915_00,22.3,129.1
20120915_06, TY,20120915_06,23.4,128.8
20120915_06, TY,20120915_06,23.4,128.8
20120915_06, TY,20120915_06,23.4,128.8
20120915_12, TY,20120915_12,24.5,128.5
20120915_12, TY,20120915_12,24.5,128.5
20120915_12, TY,20120915_12,24.5,128.5
20120915_18, TY,20120915_18,25.6,128.2
20120915_18, TY,20120915_18,25.6,128.2
20120915_18, TY,20120915_18,25.6,128.2
20120916_00, TY,20120916_00,27.0,128.1
20120916_00, TY,20120916_00,27.0,128.1
20120916_00, TY,20120916_00,27.0,128.1
20120916_06, TY,20120916_06,28.8,128.1
20120916_06, TY,20120916_06,28.8,128.1
20120916_06, TY,20120916_06,28.8,128.1
20120916_12, TY,20120916_12,30.6,127.8
20120916_12, TY,20120916_12,30.6,127.8
20120916_12, TY,20120916_12,30.6,127.8
20120916_18, TY,20120916_18,32.4,127.8
20120916_18, TY,20120916_18,32.4,127.8
20120916_18, TY,20120916_18,32.4,127.8
20120917_00, TY,20120917_00,34.2,128.1
20120917_00, TY,20120917_00,34.2,128.1
20120917_00, TY,20120917_00,34.2,128.1
20120917_06, TS,20120917_06,36.3,128.4
20120917_12, EX,20120917_12,38.7,129.3
20120917_18, EX,20120917_18,41.0,130.7
20120918_00, EX,20120918_00,42.6,133.3
20120919_00, DB,20120919_00,14.9,140.7
20120919_06, TD,20120919_06,14.4,139.2
20120919_12, DB,20120919_12,14.4,137.6
20120919_18, DB,20120919_18,14.2,136.1
20120920_00, DB,20120920_00,14.1,134.8
20120920_06, TD,20120920_06,13.9,133.5
20120920_12, TD,20120920_12,13.7,132.4
20120920_18, TS,20120920_18,13.4,131.6
20120921_00, TS,20120921_00,13.1,130.9
20120921_06, TS,20120921_06,12.8,130.3
20120921_12, TS,20120921_12,12.4,130.0
20120921_18, TS,20120921_18,12.0,130.1
20120921_21, TS,20120921_21,11.8,130.2
20120922_00, TS,20120922_00,12.0,130.3
20120922_06, TS,20120922_06,11.9,130.1
20120922_06, TS,20120922_06,11.9,130.1
20120922_12, TS,20120922_12,11.8,129.8
20120922_12, TS,20120922_12,11.8,129.8
20120922_18, TY,20120922_18,11.9,129.3
20120922_18, TY,20120922_18,11.9,129.3
20120923_00, TY,20120923_00,11.9,128.9
20120923_00, TY,20120923_00,11.9,128.9
20120923_00, TY,20120923_00,11.9,128.9
20120923_03, TY,20120923_03,12.1,128.8
20120923_03, TY,20120923_03,12.1,128.8
20120923_03, TY,20120923_03,12.1,128.8
20120923_06, TY,20120923_06,12.2,128.9
20120923_06, TY,20120923_06,12.2,128.9
20120923_06, TY,20120923_06,12.2,128.9
20120923_09, ST,20120923_09,12.4,128.7
20120923_09, ST,20120923_09,12.4,128.7
20120923_09, ST,20120923_09,12.4,128.7
20120923_12, ST,20120923_12,12.7,128.7
20120923_12, ST,20120923_12,12.7,128.7
20120923_12, ST,20120923_12,12.7,128.7
20120923_18, ST,20120923_18,13.1,128.6
20120923_18, ST,20120923_18,13.1,128.6
20120923_18, ST,20120923_18,13.1,128.6
20120924_00, ST,20120924_00,13.7,128.5
20120924_00, ST,20120924_00,13.7,128.5
20120924_00, ST,20120924_00,13.7,128.5
20120924_06, ST,20120924_06,14.2,128.2
20120924_06, ST,20120924_06,14.2,128.2
20120924_06, ST,20120924_06,14.2,128.2
20120924_12, ST,20120924_12,14.7,128.0
20120924_12, ST,20120924_12,14.7,128.0
20120924_12, ST,20120924_12,14.7,128.0
20120924_18, ST,20120924_18,15.3,127.8
20120924_18, ST,20120924_18,15.3,127.8
20120924_18, ST,20120924_18,15.3,127.8
20120925_00, ST,20120925_00,15.8,127.8
20120925_00, ST,20120925_00,15.8,127.8
20120925_00, ST,20120925_00,15.8,127.8
20120925_06, ST,20120925_06,16.4,127.5
20120925_06, ST,20120925_06,16.4,127.5
20120925_06, ST,20120925_06,16.4,127.5
20120925_12, ST,20120925_12,16.8,127.2
20120925_12, ST,20120925_12,16.8,127.2
20120925_12, ST,20120925_12,16.8,127.2
20120925_18, ST,20120925_18,17.1,126.8
20120925_18, ST,20120925_18,17.1,126.8
20120925_18, ST,20120925_18,17.1,126.8
20120926_00, ST,20120926_00,17.5,126.5
20120926_00, ST,20120926_00,17.5,126.5
20120926_00, ST,20120926_00,17.5,126.5
20120926_06, ST,20120926_06,17.9,126.2
20120926_06, ST,20120926_06,17.9,126.2
20120926_06, ST,20120926_06,17.9,126.2
20120926_12, ST,20120926_12,18.4,125.9
20120926_12, ST,20120926_12,18.4,125.9
20120926_12, ST,20120926_12,18.4,125.9
20120926_18, ST,20120926_18,19.1,125.4
20120926_18, ST,20120926_18,19.1,125.4
20120926_18, ST,20120926_18,19.1,125.4
20120927_00, ST,20120927_00,19.6,124.8
20120927_00, ST,20120927_00,19.6,124.8
20120927_00, ST,20120927_00,19.6,124.8
20120927_06, ST,20120927_06,20.2,124.4
20120927_06, ST,20120927_06,20.2,124.4
20120927_06, ST,20120927_06,20.2,124.4
20120927_12, ST,20120927_12,20.9,124.1
20120927_12, ST,20120927_12,20.9,124.1
20120927_12, ST,20120927_12,20.9,124.1
20120927_18, ST,20120927_18,21.7,123.9
20120927_18, ST,20120927_18,21.7,123.9
20120927_18, ST,20120927_18,21.7,123.9
20120928_00, TY,20120928_00,22.5,124.1
20120928_00, TY,20120928_00,22.5,124.1
20120928_00, TY,20120928_00,22.5,124.1
20120928_06, TY,20120928_06,23.4,124.5
20120928_06, TY,20120928_06,23.4,124.5
20120928_06, TY,20120928_06,23.4,124.5
20120928_12, TY,20120928_12,24.2,125.1
20120928_12, TY,20120928_12,24.2,125.1
20120928_12, TY,20120928_12,24.2,125.1
20120928_18, TY,20120928_18,25.0,126.1
20120928_18, TY,20120928_18,25.0,126.1
20120928_18, TY,20120928_18,25.0,126.1
20120929_00, TY,20120929_00,26.1,127.3
20120929_00, TY,20120929_00,26.1,127.3
20120929_00, TY,20120929_00,26.1,127.3
20120929_06, TY,20120929_06,27.1,128.5
20120929_06, TY,20120929_06,27.1,128.5
20120929_06, TY,20120929_06,27.1,128.5
20120929_12, TY,20120929_12,28.0,130.3
20120929_12, TY,20120929_12,28.0,130.3
20120929_12, TY,20120929_12,28.0,130.3
20120929_18, TY,20120929_18,29.6,132.5
20120929_18, TY,20120929_18,29.6,132.5
20120929_18, TY,20120929_18,29.6,132.5
20120930_00, TY,20120930_00,31.7,134.1
20120930_00, TY,20120930_00,31.7,134.1
20120930_06, TS,20120930_06,33.4,136.1
20120930_06, TS,20120930_06,33.4,136.1
20120930_12, TS,20120930_12,35.3,138.2
20120930_12, TS,20120930_12,35.3,138.2
20120930_18, TS,20120930_18,38.7,141.0
20121001_00, EX,20121001_00,41.0,144.8
20121001_06, EX,20121001_06,43.2,148.6
20120923_06, DB,20120923_06,15.6,140.7
20120923_12, DB,20120923_12,16.4,139.9
20120923_18, DB,20120923_18,17.4,139.5
20120924_00, TD,20120924_00,18.5,139.0
20120924_06, TD,20120924_06,19.5,138.8
20120924_12, TD,20120924_12,20.2,138.7
20120924_18, TS,20120924_18,21.0,138.5
20120925_00, TS,20120925_00,21.9,138.1
20120925_06, TS,20120925_06,22.9,138.7
20120925_12, TS,20120925_12,24.0,139.5
20120925_18, TS,20120925_18,24.9,140.5
20120926_00, TS,20120926_00,25.3,141.3
20120926_06, TS,20120926_06,26.1,142.3
20120926_12, TS,20120926_12,27.6,142.8
20120926_18, TS,20120926_18,29.2,142.5
20120927_00, TS,20120927_00,30.4,142.2
20120927_00, TS,20120927_00,30.4,142.2
20120927_06, TS,20120927_06,31.1,142.0
20120927_06, TS,20120927_06,31.1,142.0
20120927_12, TS,20120927_12,31.4,141.7
20120927_12, TS,20120927_12,31.4,141.7
20120927_18, TS,20120927_18,31.5,141.7
20120927_18, TS,20120927_18,31.5,141.7
20120928_00, TS,20120928_00,31.5,142.5
20120928_06, TS,20120928_06,32.0,143.1
20120928_12, TS,20120928_12,32.5,144.2
20120928_18, TS,20120928_18,33.6,145.1
20120929_00, TS,20120929_00,34.8,145.9
20120929_06, TS,20120929_06,36.4,147.1
20120929_12, TS,20120929_12,38.0,149.3
20120929_18, TD,20120929_18,39.6,151.5
20120930_00, TD,20120930_00,40.8,154.3
20120930_06, EX,20120930_06,42.1,158.6
20120929_12, DB,20120929_12,12.0,151.9
20120929_18, DB,20120929_18,13.4,151.3
20120930_00, DB,20120930_00,14.7,150.6
20120930_06, DB,20120930_06,16.0,149.8
20120930_12, TD,20120930_12,16.1,148.5
20120930_18, TD,20120930_18,16.4,147.3
20121001_00, TD,20121001_00,17.1,146.6
20121001_06, TD,20121001_06,18.0,146.1
20121001_12, TS,20121001_12,18.7,145.4
20121001_18, TS,20121001_18,19.4,144.5
20121002_00, TS,20121002_00,20.1,143.5
20121002_06, TS,20121002_06,21.0,142.6
20121002_12, TS,20121002_12,22.0,142.1
20121002_18, TS,20121002_18,22.9,141.5
20121003_00, TS,20121003_00,24.3,141.0
20121003_06, TS,20121003_06,25.9,141.9
20121003_12, TS,20121003_12,27.9,142.6
20121003_18, TS,20121003_18,30.9,142.4
20121004_00, EX,20121004_00,34.1,143.9
20121004_06, EX,20121004_06,36.9,145.8
20121004_12, EX,20121004_12,39.8,149.6
20121004_18, EX,20121004_18,42.4,153.2
20120930_06, TD,20120930_06,15.4,113.0
20120930_12, TD,20120930_12,15.6,113.3
20120930_18, DB,20120930_18,16.1,113.6
20121001_00, DB,20121001_00,16.6,114.1
20121001_06, TD,20121001_06,17.0,114.8
20121001_12, TD,20121001_12,17.3,115.1
20121001_18, TS,20121001_18,16.9,115.3
20121002_00, TS,20121002_00,16.5,115.3
20121002_06, TS,20121002_06,15.8,115.7
20121002_12, TS,20121002_12,15.6,116.7
20121002_18, TS,20121002_18,15.4,117.2
20121003_00, TS,20121003_00,15.5,117.6
20121003_06, TS,20121003_06,15.4,117.9
20121003_06, TS,20121003_06,15.4,117.9
20121003_12, TS,20121003_12,15.2,118.0
20121003_12, TS,20121003_12,15.2,118.0
20121003_18, TS,20121003_18,15.0,118.1
20121004_00, TS,20121004_00,15.0,118.3
20121004_06, TS,20121004_06,14.7,118.2
20121004_12, TS,20121004_12,14.6,118.0
20121004_18, TS,20121004_18,14.6,117.5
20121005_00, TS,20121005_00,14.5,116.6
20121005_06, TS,20121005_06,14.5,115.7
20121005_12, TS,20121005_12,14.3,114.6
20121005_18, TS,20121005_18,13.9,113.0
20121006_00, TS,20121006_00,13.4,111.4
20121006_06, TS,20121006_06,13.3,109.7
20121006_12, TS,20121006_12,13.3,108.4
20121006_18, TD,20121006_18,13.2,106.5
20121007_00, TD,20121007_00,13.1,105.5
20121006_12, DB,20121006_12,18.7,139.3
20121006_18, DB,20121006_18,18.7,138.6
20121007_00, DB,20121007_00,18.4,137.9
20121007_06, DB,20121007_06,18.0,137.3
20121007_12, TD,20121007_12,17.8,136.7
20121007_18, TS,20121007_18,17.9,136.1
20121008_00, TS,20121008_00,17.9,135.5
20121008_06, TS,20121008_06,18.3,134.9
20121008_12, TS,20121008_12,18.3,133.9
20121008_12, TS,20121008_12,18.3,133.9
20121008_18, TS,20121008_18,17.9,133.2
20121008_18, TS,20121008_18,17.9,133.2
20121009_00, TY,20121009_00,17.6,132.6
20121009_00, TY,20121009_00,17.6,132.6
20121009_06, TY,20121009_06,17.8,132.2
20121009_06, TY,20121009_06,17.8,132.2
20121009_12, TY,20121009_12,18.1,131.9
20121009_12, TY,20121009_12,18.1,131.9
20121009_12, TY,20121009_12,18.1,131.9
20121009_18, TY,20121009_18,18.3,131.5
20121009_18, TY,20121009_18,18.3,131.5
20121009_18, TY,20121009_18,18.3,131.5
20121010_00, TY,20121010_00,18.4,131.0
20121010_00, TY,20121010_00,18.4,131.0
20121010_00, TY,20121010_00,18.4,131.0
20121010_06, TY,20121010_06,18.6,130.5
20121010_06, TY,20121010_06,18.6,130.5
20121010_06, TY,20121010_06,18.6,130.5
20121010_12, TY,20121010_12,18.8,129.9
20121010_12, TY,20121010_12,18.8,129.9
20121010_12, TY,20121010_12,18.8,129.9
20121010_18, TY,20121010_18,18.9,129.4
20121010_18, TY,20121010_18,18.9,129.4
20121010_18, TY,20121010_18,18.9,129.4
20121011_00, TY,20121011_00,19.2,129.0
20121011_00, TY,20121011_00,19.2,129.0
20121011_00, TY,20121011_00,19.2,129.0
20121011_06, TY,20121011_06,19.5,128.6
20121011_06, TY,20121011_06,19.5,128.6
20121011_06, TY,20121011_06,19.5,128.6
20121011_12, TY,20121011_12,19.2,128.6
20121011_12, TY,20121011_12,19.2,128.6
20121011_12, TY,20121011_12,19.2,128.6
20121011_18, TY,20121011_18,19.6,128.6
20121011_18, TY,20121011_18,19.6,128.6
20121011_18, TY,20121011_18,19.6,128.6
20121012_00, TY,20121012_00,19.7,128.8
20121012_00, TY,20121012_00,19.7,128.8
20121012_00, TY,20121012_00,19.7,128.8
20121012_06, TY,20121012_06,19.9,128.9
20121012_06, TY,20121012_06,19.9,128.9
20121012_06, TY,20121012_06,19.9,128.9
20121012_12, TY,20121012_12,20.1,129.3
20121012_12, TY,20121012_12,20.1,129.3
20121012_12, TY,20121012_12,20.1,129.3
20121012_18, TY,20121012_18,20.5,129.7
20121012_18, TY,20121012_18,20.5,129.7
20121012_18, TY,20121012_18,20.5,129.7
20121013_00, TY,20121013_00,20.9,130.0
20121013_00, TY,20121013_00,20.9,130.0
20121013_00, TY,20121013_00,20.9,130.0
20121013_06, TY,20121013_06,21.3,130.1
20121013_06, TY,20121013_06,21.3,130.1
20121013_06, TY,20121013_06,21.3,130.1
20121013_12, TY,20121013_12,21.6,130.4
20121013_12, TY,20121013_12,21.6,130.4
20121013_12, TY,20121013_12,21.6,130.4
20121013_18, TY,20121013_18,21.7,130.7
20121013_18, TY,20121013_18,21.7,130.7
20121013_18, TY,20121013_18,21.7,130.7
20121014_00, TY,20121014_00,22.0,130.8
20121014_00, TY,20121014_00,22.0,130.8
20121014_06, TY,20121014_06,22.4,130.9
20121014_06, TY,20121014_06,22.4,130.9
20121014_12, TY,20121014_12,22.6,131.4
20121014_12, TY,20121014_12,22.6,131.4
20121014_18, TY,20121014_18,23.0,131.4
20121014_18, TY,20121014_18,23.0,131.4
20121015_00, TY,20121015_00,22.8,131.3
20121015_00, TY,20121015_00,22.8,131.3
20121015_00, TY,20121015_00,22.8,131.3
20121015_06, TY,20121015_06,22.6,131.3
20121015_06, TY,20121015_06,22.6,131.3
20121015_06, TY,20121015_06,22.6,131.3
20121015_12, TY,20121015_12,22.4,131.1
20121015_12, TY,20121015_12,22.4,131.1
20121015_12, TY,20121015_12,22.4,131.1
20121015_18, TY,20121015_18,22.1,130.8
20121015_18, TY,20121015_18,22.1,130.8
20121015_18, TY,20121015_18,22.1,130.8
20121016_00, TY,20121016_00,22.0,130.4
20121016_00, TY,20121016_00,22.0,130.4
20121016_06, TS,20121016_06,22.0,129.9
20121016_06, TS,20121016_06,22.0,129.9
20121016_12, TS,20121016_12,22.3,129.2
20121016_12, TS,20121016_12,22.3,129.2
20121016_18, TS,20121016_18,22.8,128.6
20121017_00, TS,20121017_00,23.4,128.4
20121017_06, TS,20121017_06,24.2,128.7
20121017_12, TS,20121017_12,25.0,129.5
20121017_18, TS,20121017_18,25.9,130.5
20121018_00, TS,20121018_00,27.2,132.0
20121018_06, TS,20121018_06,28.7,134.1
20121018_12, TS,20121018_12,30.4,136.9
20121018_18, TS,20121018_18,31.2,139.5
20121019_00, TS,20121019_00,31.9,142.6
20121019_06, EX,20121019_06,32.5,146.0
20121013_00, DB,20121013_00,17.2,146.5
20121013_06, DB,20121013_06,17.5,146.7
20121013_12, TD,20121013_12,17.9,146.5
20121013_18, TD,20121013_18,17.9,145.5
20121014_00, TD,20121014_00,17.5,144.5
20121014_06, TD,20121014_06,17.4,143.7
20121014_12, TS,20121014_12,17.9,142.9
20121014_18, TS,20121014_18,18.6,142.3
20121015_00, TS,20121015_00,19.6,142.0
20121015_06, TS,20121015_06,21.1,141.7
20121015_12, TS,20121015_12,22.9,141.1
20121015_18, TS,20121015_18,24.2,140.9
20121016_00, TS,20121016_00,25.5,140.6
20121016_06, TS,20121016_06,26.8,141.0
20121016_06, TS,20121016_06,26.8,141.0
20121016_12, TS,20121016_12,27.7,141.6
20121016_12, TS,20121016_12,27.7,141.6
20121016_18, TS,20121016_18,28.5,142.4
20121016_18, TS,20121016_18,28.5,142.4
20121017_00, TS,20121017_00,28.9,143.5
20121017_00, TS,20121017_00,28.9,143.5
20121017_06, TS,20121017_06,29.5,144.9
20121017_12, TS,20121017_12,30.3,146.6
20121017_18, TS,20121017_18,31.2,148.3
20121018_00, TS,20121018_00,31.6,150.6
20121018_06, TS,20121018_06,32.0,152.9
20121018_12, TS,20121018_12,31.8,155.4
20121018_18, TS,20121018_18,31.6,156.5
20121019_00, TD,20121019_00,31.4,157.6
20121019_06, TD,20121019_06,31.3,158.6
20121019_12, EX,20121019_12,31.2,159.7
20121019_18, EX,20121019_18,31.4,160.8
20121020_00, EX,20121020_00,31.9,161.3
20121022_18, DB,20121022_18,8.9,130.1
20121023_00, DB,20121023_00,8.5,129.3
20121023_06, TD,20121023_06,8.5,128.5
20121023_12, TD,20121023_12,8.9,127.9
20121023_18, TD,20121023_18,9.3,127.2
20121024_00, TS,20121024_00,9.8,126.3
20121024_06, TS,20121024_06,10.7,125.1
20121024_12, TS,20121024_12,11.3,123.9
20121024_18, TS,20121024_18,12.1,122.5
20121025_00, TS,20121025_00,12.9,121.1
20121025_06, TS,20121025_06,13.3,119.5
20121025_12, TS,20121025_12,13.7,118.2
20121025_18, TS,20121025_18,14.2,117.1
20121026_00, TS,20121026_00,14.6,115.9
20121026_00, TS,20121026_00,14.6,115.9
20121026_06, TS,20121026_06,14.9,114.6
20121026_06, TS,20121026_06,14.9,114.6
20121026_12, TS,20121026_12,15.5,113.4
20121026_12, TS,20121026_12,15.5,113.4
20121026_18, TY,20121026_18,16.2,112.3
20121026_18, TY,20121026_18,16.2,112.3
20121027_00, TY,20121027_00,16.6,111.0
20121027_00, TY,20121027_00,16.6,111.0
20121027_06, TY,20121027_06,17.0,109.7
20121027_06, TY,20121027_06,17.0,109.7
20121027_06, TY,20121027_06,17.0,109.7
20121027_12, TY,20121027_12,17.6,108.8
20121027_12, TY,20121027_12,17.6,108.8
20121027_12, TY,20121027_12,17.6,108.8
20121027_18, TY,20121027_18,18.1,107.8
20121027_18, TY,20121027_18,18.1,107.8
20121027_18, TY,20121027_18,18.1,107.8
20121028_00, TY,20121028_00,18.4,107.2
20121028_00, TY,20121028_00,18.4,107.2
20121028_00, TY,20121028_00,18.4,107.2
20121028_06, TY,20121028_06,19.2,107.0
20121028_06, TY,20121028_06,19.2,107.0
20121028_06, TY,20121028_06,19.2,107.0
20121028_12, TY,20121028_12,20.0,106.8
20121028_12, TY,20121028_12,20.0,106.8
20121028_12, TY,20121028_12,20.0,106.8
20121028_18, TY,20121028_18,20.9,106.6
20121028_18, TY,20121028_18,20.9,106.6
20121028_18, TY,20121028_18,20.9,106.6
20121029_00, TS,20121029_00,21.5,106.9
20121029_00, TS,20121029_00,21.5,106.9
20121112_06, DB,20121112_06,6.8,117.9
20121112_12, DB,20121112_12,7.3,117.0
20121112_18, TD,20121112_18,7.7,116.0
20121113_00, TD,20121113_00,8.1,114.6
20121113_06, TD,20121113_06,8.5,113.4
20121113_12, TD,20121113_12,8.6,112.2
20121113_18, DB,20121113_18,8.6,110.8
20121114_00, DB,20121114_00,8.0,109.4
20121114_06, TD,20121114_06,8.6,108.5
20121126_12, DB,20121126_12,4.1,156.3
20121126_18, TD,20121126_18,4.1,156.1
20121127_00, TS,20121127_00,4.2,155.9
20121127_06, TS,20121127_06,4.4,155.7
20121127_12, TS,20121127_12,4.5,155.4
20121127_18, TS,20121127_18,4.6,155.0
20121128_00, TS,20121128_00,4.8,154.1
20121128_06, TS,20121128_06,5.0,153.0
20121128_12, TS,20121128_12,4.7,151.9
20121128_12, TS,20121128_12,4.7,151.9
20121128_18, TS,20121128_18,4.4,150.8
20121128_18, TS,20121128_18,4.4,150.8
20121129_00, TS,20121129_00,4.1,149.8
20121129_00, TS,20121129_00,4.1,149.8
20121129_06, TS,20121129_06,3.8,148.9
20121129_12, TS,20121129_12,3.4,148.0
20121129_18, TS,20121129_18,3.4,147.0
20121130_00, TS,20121130_00,3.6,146.0
20121130_00, TS,20121130_00,3.6,146.0
20121130_06, TY,20121130_06,3.8,145.2
20121130_06, TY,20121130_06,3.8,145.2
20121130_12, TY,20121130_12,4.1,144.2
20121130_12, TY,20121130_12,4.1,144.2
20121130_12, TY,20121130_12,4.1,144.2
20121130_18, TY,20121130_18,4.4,143.0
20121130_18, TY,20121130_18,4.4,143.0
20121130_18, TY,20121130_18,4.4,143.0
20121201_00, TY,20121201_00,4.7,142.0
20121201_00, TY,20121201_00,4.7,142.0
20121201_00, TY,20121201_00,4.7,142.0
20121201_06, TY,20121201_06,5.0,141.0
20121201_06, TY,20121201_06,5.0,141.0
20121201_06, TY,20121201_06,5.0,141.0
20121201_12, TY,20121201_12,5.4,140.0
20121201_12, TY,20121201_12,5.4,140.0
20121201_12, TY,20121201_12,5.4,140.0
20121201_18, TY,20121201_18,5.8,138.8
20121201_18, TY,20121201_18,5.8,138.8
20121201_18, TY,20121201_18,5.8,138.8
20121202_00, ST,20121202_00,6.1,137.6
20121202_00, ST,20121202_00,6.1,137.6
20121202_00, ST,20121202_00,6.1,137.6
20121202_06, ST,20121202_06,6.3,136.1
20121202_06, ST,20121202_06,6.3,136.1
20121202_06, ST,20121202_06,6.3,136.1
20121202_12, ST,20121202_12,6.5,134.6
20121202_12, ST,20121202_12,6.5,134.6
20121202_12, ST,20121202_12,6.5,134.6
20121202_18, TY,20121202_18,6.5,133.2
20121202_18, TY,20121202_18,6.5,133.2
20121202_18, TY,20121202_18,6.5,133.2
20121203_00, TY,20121203_00,6.6,131.8
20121203_00, TY,20121203_00,6.6,131.8
20121203_00, TY,20121203_00,6.6,131.8
20121203_06, TY,20121203_06,7.0,130.4
20121203_06, TY,20121203_06,7.0,130.4
20121203_06, TY,20121203_06,7.0,130.4
20121203_12, ST,20121203_12,7.4,128.9
20121203_12, ST,20121203_12,7.4,128.9
20121203_12, ST,20121203_12,7.4,128.9
20121203_18, ST,20121203_18,7.5,127.2
20121203_18, ST,20121203_18,7.5,127.2
20121203_18, ST,20121203_18,7.5,127.2
20121204_00, TY,20121204_00,7.8,125.9
20121204_00, TY,20121204_00,7.8,125.9
20121204_00, TY,20121204_00,7.8,125.9
20121204_06, TY,20121204_06,8.6,124.1
20121204_06, TY,20121204_06,8.6,124.1
20121204_06, TY,20121204_06,8.6,124.1
20121204_12, TY,20121204_12,9.3,122.2
20121204_12, TY,20121204_12,9.3,122.2
20121204_12, TY,20121204_12,9.3,122.2
20121204_18, TY,20121204_18,9.8,120.8
20121204_18, TY,20121204_18,9.8,120.8
20121204_18, TY,20121204_18,9.8,120.8
20121205_00, TY,20121205_00,10.2,119.6
20121205_00, TY,20121205_00,10.2,119.6
20121205_00, TY,20121205_00,10.2,119.6
20121205_06, TY,20121205_06,10.7,118.7
20121205_06, TY,20121205_06,10.7,118.7
20121205_06, TY,20121205_06,10.7,118.7
20121205_12, TY,20121205_12,11.2,118.3
20121205_12, TY,20121205_12,11.2,118.3
20121205_18, TY,20121205_18,11.5,117.6
20121205_18, TY,20121205_18,11.5,117.6
20121206_00, TY,20121206_00,12.0,117.1
20121206_00, TY,20121206_00,12.0,117.1
20121206_06, TY,20121206_06,12.4,116.6
20121206_06, TY,20121206_06,12.4,116.6
20121206_12, TS,20121206_12,12.9,116.3
20121206_12, TS,20121206_12,12.9,116.3
20121206_18, TS,20121206_18,13.4,116.0
20121207_00, TY,20121207_00,13.9,115.8
20121207_06, TY,20121207_06,14.6,115.9
20121207_06, TY,20121207_06,14.6,115.9
20121207_06, TY,20121207_06,14.6,115.9
20121207_12, TY,20121207_12,15.4,116.1
20121207_12, TY,20121207_12,15.4,116.1
20121207_12, TY,20121207_12,15.4,116.1
20121207_18, TY,20121207_18,16.2,116.4
20121207_18, TY,20121207_18,16.2,116.4
20121207_18, TY,20121207_18,16.2,116.4
20121208_00, TY,20121208_00,16.9,117.1
20121208_00, TY,20121208_00,16.9,117.1
20121208_00, TY,20121208_00,16.9,117.1
20121208_06, TY,20121208_06,17.6,118.1
20121208_06, TY,20121208_06,17.6,118.1
20121208_06, TY,20121208_06,17.6,118.1
20121208_12, TY,20121208_12,17.8,118.6
20121208_12, TY,20121208_12,17.8,118.6
20121208_12, TY,20121208_12,17.8,118.6
20121208_18, TS,20121208_18,18.1,119.0
20121209_00, TD,20121209_00,18.3,119.3
20121209_06, DB,20121209_06,18.2,119.5
