,hull_centx,hull_centy,hull_area,min_owlag,level,label,value
0,141.08333333333331,10.666666666666666,5122442895.890038,-4.569453449221328e-05,500.0,14,0.0
1,125.39508393285372,25.914268585131897,59838439465.57219,-8.222657118039933e-05,500.0,32,0.0
2,141.03787878787878,10.666666666666666,4333776869.2556095,-3.622001895564608e-05,500.0,11,0.1
3,125.4116809116809,25.94159544159544,50390458277.64405,-7.209968339338957e-05,500.0,30,0.1
4,125.40376984126983,25.986111111111114,36184580944.392975,-6.963577015994815e-05,500.0,30,0.2
5,91.5144927536232,12.06159420289855,18214304557.634468,-7.924125566205475e-05,500.0,21,0.3
6,125.33210784313727,26.080882352941178,29316433176.25306,-3.7279405660228804e-05,500.0,35,0.3
7,91.78,12.163333333333332,9903708508.428902,-0.00010413320569568896,500.0,19,0.4
8,125.2741935483871,26.188172043010756,13368585019.13475,-8.120733582472894e-06,500.0,32,0.4
9,91.8409090909091,12.196969696969695,8716548206.437843,-0.00010413320569568896,500.0,17,0.5
10,91.83333333333333,12.215277777777779,9509849038.504375,-7.924125566205475e-05,500.0,16,0.6
11,91.95833333333334,12.216666666666667,7924749058.416561,-0.00010413320569568896,500.0,14,0.7
12,91.88888888888889,12.222222222222221,7132199068.372652,-0.00010413320569568896,500.0,18,0.8
13,93.84615384615384,0.8782051282051282,10069764814.111937,4.044694446747599e-05,500.0,2,0.9
14,92.02380952380952,12.214285714285714,5547099088.284836,-9.730913643579697e-05,500.0,12,0.9
15,93.83333333333333,1.034722222222222,4647792510.359898,3.516500873956829e-05,500.0,3,1.0
16,92.02380952380952,12.214285714285714,5547099088.284836,-9.730913643579697e-05,500.0,13,1.0
17,93.75,1.023809523809524,5422414762.56506,5.0886433655250585e-05,500.0,4,1.1
18,92.07051282051283,12.217948717948719,5151011803.768446,-9.730913643579697e-05,500.0,16,1.1
19,93.75,1.0666666666666667,3873199756.719576,4.2537021727184765e-05,500.0,5,1.2
20,92.07051282051283,12.217948717948719,5151011803.768446,-9.730913643579697e-05,500.0,19,1.2
21,100.41209055876686,23.19388246628131,145904067703.99127,-7.657490641577169e-05,500.0,26,1.2
22,93.68518518518518,1.0925925925925926,3485903379.899337,4.2537021727184765e-05,500.0,4,1.3
23,92.0,12.25,3962749950.219513,-9.730913643579697e-05,500.0,20,1.3
24,94.26041666666667,13.3125,6367567955.211183,-4.127972033529659e-05,500.0,22,1.3
25,100.37300228310502,23.083904109589042,122948299009.5327,-3.419204313104274e-05,500.0,25,1.3
26,94.26041666666667,13.3125,6367567955.211183,-4.127972033529659e-05,500.0,20,1.4
27,100.38183279742765,23.176045016077172,131131915270.44447,-2.677023860542249e-05,500.0,24,1.4
28,94.26041666666667,13.3125,6367567955.211183,-4.127972033529659e-05,500.0,16,1.5
29,100.35121107266436,23.05940023068051,121686035973.94156,-1.5159697795752436e-05,500.0,19,1.5
30,93.47727272727273,4.075757575757576,4270605055.864645,-2.9383455284914817e-05,500.0,7,1.6
31,94.26041666666667,13.3125,6367567955.211183,-4.127972033529659e-05,500.0,13,1.6
32,100.36708482676225,23.036140979689367,117505072466.13168,-1.5159697795752436e-05,500.0,18,1.6
33,96.40691489361703,3.3421985815602837,72931493767.74345,-3.6134881838734145e-05,500.0,7,1.7
34,94.26041666666667,13.3125,6367567955.211183,-4.127972033529659e-05,500.0,18,1.7
35,97.9342105263158,18.87719298245614,7775392271.069251,-1.4132488900031603e-05,500.0,22,1.7
36,100.41296296296296,23.0679012345679,113741033104.86934,-1.5159697795752436e-05,500.0,25,1.7
37,141.0965783664459,3.0474613686534218,117126672456.39717,7.295833120224415e-05,500.0,6,1.8
38,96.71913580246913,3.3665123456790123,41897177831.937805,8.834461368678603e-06,500.0,8,1.8
39,94.33333333333334,13.265151515151514,4376070293.513668,-3.068437854381045e-05,500.0,22,1.8
40,97.81547619047619,18.976190476190478,5732715010.000756,-1.4132488900031603e-05,500.0,27,1.8
41,100.36134163208851,22.975103734439834,101390530923.98557,-1.5159697795752436e-05,500.0,32,1.8
42,0.0,0.0,0.0,0.0,500.0,3,1.9
43,140.98972922502335,3.036181139122316,138458123062.73972,7.295833120224415e-05,500.0,5,1.9
44,96.85897435897436,3.2884615384615383,30255852129.822895,6.130046585894888e-05,500.0,7,1.9
45,94.33333333333334,13.265151515151514,4376070293.513668,-3.068437854381045e-05,500.0,20,1.9
46,97.75,18.954545454545453,4503708811.639603,-6.275370196817676e-06,500.0,21,1.9
47,100.38581560283689,22.93617021276596,98838739611.47813,3.767618181882426e-07,500.0,25,1.9
48,0.0,0.0,0.0,0.0,500.0,3,2.0
49,141.07150205761317,2.992798353909465,125653299039.46854,0.00010047398495771631,500.0,5,2.0
50,91.06060606060606,2.121212121212121,4262694781.051697,-2.7056631552113686e-05,500.0,6,2.0
51,96.555,3.316666666666667,19395633907.088634,6.130046585894888e-05,500.0,8,2.0
52,0.0,0.0,0.0,0.0,500.0,18,2.0
53,100.35974702380952,22.870535714285715,94178264227.86703,3.767618181882426e-07,500.0,29,2.0
54,0.0,0.0,0.0,0.0,500.0,2,2.1
55,141.9407756813417,2.531970649895178,61634910924.18476,9.952620030162507e-05,500.0,4,2.1
56,96.50709219858156,3.3297872340425534,18231943061.751415,6.130046585894888e-05,500.0,8,2.1
57,139.78703703703704,3.925925925925926,13973758340.027222,0.00035059082438237965,500.0,12,2.1
58,0.0,0.0,0.0,0.0,500.0,17,2.1
59,97.76839192708333,14.05419921875,204443515303.3608,-1.882505102912546e-05,500.0,19,2.1
60,100.36210762331838,22.864349775784753,93760619383.1537,3.767618181882426e-07,500.0,29,2.1
61,0.0,0.0,0.0,0.0,500.0,2,2.2
62,141.96428571428572,2.445684523809524,43412905845.21108,0.00011403713892832457,500.0,3,2.2
63,96.46913580246913,3.280864197530864,10473032325.057396,7.633219860281315e-05,500.0,5,2.2
64,139.82971014492753,3.898550724637681,8927468419.439352,0.0003731183096533641,500.0,8,2.2
65,0.0,0.0,0.0,0.0,500.0,12,2.2
66,97.80092592592592,13.93202861952862,158020068554.1571,-1.882505102912546e-05,500.0,16,2.2
67,100.46869488536154,22.886243386243386,79455068576.35548,2.6452506972418632e-05,500.0,30,2.2
68,0.0,0.0,0.0,0.0,500.0,2,2.3
69,141.66770833333334,2.392708333333333,31008100727.163116,0.00021795369411847787,500.0,3,2.3
70,0.0,0.0,0.0,0.0,500.0,12,2.3
71,97.81555555555556,13.892,149612511319.21194,-1.882505102912546e-05,500.0,17,2.3
72,100.46904761904761,22.906190476190478,73580200330.50208,4.0797852307150606e-05,500.0,30,2.3
73,0.0,0.0,0.0,0.0,500.0,2,2.4
74,141.68840579710144,2.369565217391304,26743913784.36828,0.00021795369411847787,500.0,3,2.4
75,0.0,0.0,0.0,0.0,500.0,9,2.4
76,98.06574074074074,13.7875,143563737635.51093,-6.9189409259706736e-06,500.0,16,2.4
77,100.48768939393939,22.845170454545453,73973365550.05171,4.0797852307150606e-05,500.0,27,2.4
78,0.0,0.0,0.0,0.0,500.0,2,2.5
79,141.6827485380117,2.378654970760234,22092703672.483704,0.00017740642169883358,500.0,3,2.5
80,0.0,0.0,0.0,0.0,500.0,8,2.5
81,97.98701298701299,13.732413419913419,122793378862.79147,-1.1576138604141306e-05,500.0,12,2.5
82,100.4620315581854,22.84861932938856,71027493619.23344,4.0797852307150606e-05,500.0,21,2.5
83,0.0,0.0,0.0,0.0,500.0,1,2.6
84,141.65243902439025,2.3495934959349594,15890854794.807577,0.00018672599071578588,500.0,2,2.6
85,0.0,0.0,0.0,0.0,500.0,7,2.6
86,97.98763250883393,13.707891637220259,112814426527.6753,-1.1576138604141306e-05,500.0,11,2.6
87,100.45364583333334,22.840625,67239355142.8585,5.860812734681531e-05,500.0,19,2.6
88,0.0,0.0,0.0,0.0,500.0,1,2.7
89,141.76612903225808,2.327956989247312,12014872818.021664,0.00018672599071578588,500.0,2,2.7
90,0.0,0.0,0.0,0.0,500.0,6,2.7
91,97.96924969249693,13.678044280442805,108016616363.51901,-1.1576138604141306e-05,500.0,8,2.7
92,100.38908045977011,22.767241379310345,60900912787.43991,5.860812734681531e-05,500.0,18,2.7
93,0.0,0.0,0.0,0.0,500.0,1,2.8
94,141.83333333333334,2.380952380952381,5426141244.863832,0.00023707291438768152,500.0,2,2.8
95,0.0,0.0,0.0,0.0,500.0,6,2.8
96,97.74774774774775,13.806628056628057,103296815608.21823,1.3426687473838683e-05,500.0,7,2.8
97,100.39696969696969,22.87272727272727,46235771519.3247,5.860812734681531e-05,500.0,16,2.8
98,0.0,0.0,0.0,0.0,500.0,1,2.9
99,141.83333333333334,2.380952380952381,5426141244.863832,0.00023707291438768152,500.0,2,2.9
100,0.0,0.0,0.0,0.0,500.0,7,2.9
101,97.74628879892038,13.809041835357625,98510905477.12929,1.3426687473838683e-05,500.0,8,2.9
102,100.49024822695036,23.004432624113473,39548495887.53087,8.728317880013492e-05,500.0,21,2.9
103,0.0,0.0,0.0,0.0,500.0,1,3.0
104,141.875,2.4166666666666665,4651039389.849721,0.00023707291438768152,500.0,2,3.0
105,0.0,0.0,0.0,0.0,500.0,6,3.0
106,97.90833333333333,13.771590909090909,87732357953.16472,1.3426687473838683e-05,500.0,9,3.0
107,100.5074074074074,23.057407407407407,37881990934.49797,0.00011809453076239151,500.0,23,3.0
108,0.0,0.0,0.0,0.0,500.0,1,3.1
109,0.0,0.0,0.0,0.0,500.0,5,3.1
110,97.8787037037037,13.773148148148147,71773310105.85422,2.2656069631921127e-05,500.0,7,3.1
111,100.45039682539684,23.063492063492063,35358529774.48937,0.00011809453076239151,500.0,21,3.1
112,0.0,0.0,0.0,0.0,500.0,1,3.2
113,0.0,0.0,0.0,0.0,500.0,3,3.2
114,97.7514450867052,13.859826589595375,69011849549.00536,2.8516733436845243e-05,500.0,6,3.2
115,100.42777777777778,23.11888888888889,31581097272.530178,0.00012875788979727076,500.0,19,3.2
116,0.0,0.0,0.0,0.0,500.0,1,3.3
117,0.0,0.0,0.0,0.0,500.0,4,3.3
118,97.75,13.871753246753247,61443212839.60073,3.3373437872796785e-05,500.0,8,3.3
119,100.48958333333333,23.170572916666668,26963636457.696136,0.00012875788979727076,500.0,22,3.3
120,0.0,0.0,0.0,0.0,500.0,1,3.4
121,0.0,0.0,0.0,0.0,500.0,3,3.4
122,97.79550827423168,13.846335697399526,56242554904.27356,2.2656069631921127e-05,500.0,8,3.4
123,95.56944444444444,18.238888888888887,12233020436.369667,0.00016083582522696815,500.0,17,3.4
124,100.46212121212122,23.222222222222225,13906310929.441685,0.00012875788979727076,500.0,22,3.4
125,0.0,0.0,0.0,0.0,500.0,1,3.5
126,106.76024428684003,12.06855791962175,167518446087.12473,-3.661641630969825e-05,500.0,4,3.5
127,112.45833333333334,12.03921568627451,13462684803.60515,7.640509647899307e-05,500.0,7,3.5
128,97.86848958333333,13.815755208333334,51050113903.250656,3.30594957631547e-05,500.0,10,3.5
129,0.0,0.0,0.0,0.0,500.0,15,3.5
130,95.78472222222223,18.47222222222222,4899660086.509102,0.00012228708874317817,500.0,21,3.5
131,100.49166666666666,23.24722222222222,12644612948.312946,0.00017651614030000928,500.0,28,3.5
132,0.0,0.0,0.0,0.0,500.0,1,3.6
133,106.75021043771045,12.070075757575758,156825437912.3713,-3.661641630969825e-05,500.0,5,3.6
134,112.35802469135803,12.05246913580247,10691134251.454657,7.640509647899307e-05,500.0,7,3.6
135,97.82718579234972,13.812841530054646,48657878562.287704,3.30594957631547e-05,500.0,9,3.6
136,0.0,0.0,0.0,0.0,500.0,17,3.6
137,100.43518518518518,23.23148148148148,7585892005.733536,0.00017651614030000928,500.0,31,3.6
138,0.0,0.0,0.0,0.0,500.0,1,3.7
139,106.7465004374453,12.062773403324584,150878389036.35748,-3.661641630969825e-05,500.0,9,3.7
140,112.27272727272727,12.045454545454545,4355491394.268912,8.744890146772377e-05,500.0,11,3.7
141,97.81269113149848,13.837920489296636,43474405432.3795,3.30594957631547e-05,500.0,13,3.7
142,0.0,0.0,0.0,0.0,500.0,20,3.7
143,100.6875,23.340277777777775,5061749867.128431,0.0001913253094016909,500.0,35,3.7
144,0.0,0.0,0.0,0.0,500.0,1,3.8
145,131.97222222222223,2.6527777777777777,4652051282.880436,0.0001161191639766912,500.0,2,3.8
146,106.91404612159329,11.996331236897275,125899717987.60835,-3.661641630969825e-05,500.0,9,3.8
147,97.74725274725274,13.849816849816849,36296932828.856544,2.0014941810586606e-05,500.0,14,3.8
148,113.06533687943264,18.33936170212766,768116704129.9928,-0.00010678170474420767,500.0,19,3.8
149,0.0,0.0,0.0,0.0,500.0,1,3.9
150,106.89736519607843,11.978247549019608,107680000049.49025,-2.5748930966074113e-05,500.0,9,3.9
151,97.74647887323944,13.754694835680752,28307876282.731995,3.0332057576742955e-06,500.0,13,3.9
152,112.6709117032393,16.9778605015674,516812158432.8872,-0.00010678170474420767,500.0,18,3.9
153,113.63920454545455,22.645833333333332,184668447520.87592,-9.27926830627257e-05,500.0,29,3.9
154,0.0,0.0,0.0,0.0,500.0,1,4.0
155,107.1100948509485,12.018631436314363,97401899020.0046,-2.5748930966074113e-05,500.0,8,4.0
156,97.49722222222222,13.758333333333333,11961084271.208588,3.0332057576742955e-06,500.0,14,4.0
157,112.61720698254364,17.004156275976726,487304722943.4177,-0.00010678170474420767,500.0,21,4.0
158,113.61948955916473,22.671307037896366,180923131994.35837,-9.27926830627257e-05,500.0,30,4.0
159,103.90637860082305,27.877229080932786,106484357087.99652,9.364727884531021e-05,500.0,33,4.0
160,0.0,0.0,0.0,0.0,500.0,1,4.1
161,109.5343137254902,11.659313725490197,26891696550.077404,9.730148212838685e-05,500.0,11,4.1
162,105.41133333333333,12.234,49532466411.8275,-2.5748930966074113e-05,500.0,13,4.1
163,97.55952380952381,13.484126984126984,8363246182.113212,3.400781861273572e-05,500.0,18,4.1
164,112.53924086757992,17.0304651826484,473182463487.99805,-0.00010678170474420767,500.0,25,4.1
165,113.63567323481116,22.70628078817734,170470971347.72168,-4.771184831042774e-05,500.0,33,4.1
166,103.96284271284271,27.843434343434343,101194237417.49715,0.00010789420412038453,500.0,39,4.1
167,0.0,0.0,0.0,0.0,500.0,1,4.2
168,109.50757575757575,11.659090909090908,26100215346.30348,9.730148212838685e-05,500.0,12,4.2
169,105.29597701149426,12.230603448275861,45966847787.72145,-2.4921354452089872e-05,500.0,14,4.2
170,112.43023787740165,17.02546508081732,442782879213.4899,-0.00010678170474420767,500.0,24,4.2
171,113.61084337349398,22.700803212851408,174242207721.11322,-4.771184831042774e-05,500.0,30,4.2
172,103.97094801223243,27.878822629969417,95529957291.99933,0.00014065301002119668,500.0,34,4.2
173,0.0,0.0,0.0,0.0,500.0,1,4.3
174,109.45906432748538,11.682748538011696,22543246098.174053,9.730148212838685e-05,500.0,13,4.3
175,105.24330357142857,12.208333333333332,44378001609.93873,-2.4921354452089872e-05,500.0,15,4.3
176,115.91300813008131,17.04918699186992,166087927039.66266,0.00010693128103866911,500.0,22,4.3
177,110.62923351158646,17.048351158645275,303104719794.24744,-7.820880273357034e-05,500.0,23,4.3
178,113.54415274463007,22.7291169451074,175949220630.00052,-1.9094259187113494e-06,500.0,29,4.3
179,103.95508982035928,27.76197604790419,73097766081.54587,0.00014065301002119668,500.0,34,4.3
180,0.0,0.0,0.0,0.0,500.0,1,4.4
181,109.47666666666666,11.64,19774641327.70274,0.00010914158792729722,500.0,11,4.4
182,105.203125,12.1640625,38031454162.82183,-1.9163600882166065e-05,500.0,12,4.4
183,115.9699530516432,17.09342723004695,143833889842.09912,0.00010693128103866911,500.0,19,4.4
184,110.61712962962962,17.066319444444446,291748177197.1438,-7.820880273357034e-05,500.0,20,4.4
185,113.5035153019024,22.7909429280397,169302461726.30536,2.8980183742532972e-05,500.0,27,4.4
186,103.96319018404908,27.73977505112474,71331875981.18553,0.00014065301002119668,500.0,32,4.4
187,0.0,0.0,0.0,0.0,500.0,1,4.5
188,109.51190476190476,11.611904761904762,13837484372.054995,9.750792196427938e-05,500.0,10,4.5
189,104.85632183908046,12.25287356321839,22984478112.40653,-1.9163600882166065e-05,500.0,11,4.5
190,115.94663742690058,17.11817738791423,138607090340.23666,0.00011206036379007855,500.0,19,4.5
191,110.62288732394366,17.067605633802817,287692961168.7284,-7.820880273357034e-05,500.0,20,4.5
192,113.50281385281386,22.770346320346324,161716773858.57355,9.588116881786846e-05,500.0,25,4.5
193,103.9538784067086,27.712264150943398,69564006454.77873,0.00014065301002119668,500.0,28,4.5
194,0.0,0.0,0.0,0.0,500.0,1,4.6
195,109.32291666666667,11.65625,9490576282.19125,9.750792196427938e-05,500.0,9,4.6
196,104.87152777777777,12.255208333333334,19022165412.968052,-1.035056629916653e-05,500.0,11,4.6
197,110.61573409851746,17.083333333333336,282443525134.30133,-7.43027480893943e-05,500.0,19,4.6
198,116.11739417989418,17.513558201058203,102345130788.69379,0.00010342022324039135,500.0,20,4.6
199,113.49686379928316,22.791218637992834,156272995878.13177,8.498962688463507e-05,500.0,24,4.6
200,103.98322851153038,27.680817610062892,69544144313.86906,0.0001763482050591847,500.0,27,4.6
201,0.0,0.0,0.0,0.0,500.0,1,4.7
202,109.28968253968254,11.746031746031745,8308099384.376726,9.750792196427938e-05,500.0,7,4.7
203,104.83095238095238,12.154761904761905,13864680350.537405,2.2577282834390644e-05,500.0,8,4.7
204,110.61422413793103,17.086206896551722,282042377674.69946,-7.43027480893943e-05,500.0,12,4.7
205,116.10863095238095,17.506696428571427,90973782442.17168,0.00010342022324039135,500.0,13,4.7
206,113.48848238482385,22.796973803071367,155018403020.5557,8.498962688463507e-05,500.0,18,4.7
207,103.98322851153038,27.680817610062892,69545201669.11543,0.0001763482050591847,500.0,20,4.7
208,0.0,0.0,0.0,0.0,500.0,1,4.8
209,109.375,11.767857142857142,5539086463.554324,9.750792196427938e-05,500.0,6,4.8
210,104.78809523809524,12.178571428571429,13866949464.20331,2.2577282834390644e-05,500.0,7,4.8
211,110.600147275405,17.062714776632305,275111188512.1596,-7.43027480893943e-05,500.0,9,4.8
212,116.11793372319688,17.616471734892787,69487918179.32445,0.00012663899133258383,500.0,10,4.8
213,113.48743016759776,22.81610800744879,150427049229.45917,7.107573219400365e-05,500.0,18,4.8
214,103.98279569892473,27.65,67776274787.46239,0.0001763482050591847,500.0,20,4.8
215,0.0,0.0,0.0,0.0,500.0,1,4.9
216,104.77083333333333,12.184895833333334,12678662861.418056,2.2577282834390644e-05,500.0,6,4.9
217,110.58110119047619,17.076760912698415,272295348758.11023,-7.43027480893943e-05,500.0,8,4.9
218,116.11403508771929,17.521929824561404,61728434452.393265,0.0001335995584668126,500.0,9,4.9
219,113.46172480620156,22.79312015503876,144528324885.47226,7.107573219400365e-05,500.0,16,4.9
220,104.024231678487,27.56501182033097,61606051149.36699,0.0001763482050591847,500.0,18,4.9
221,0.0,0.0,0.0,0.0,500.0,1,5.0
222,104.75806451612904,12.196236559139784,12282942760.754406,2.2577282834390644e-05,500.0,5,5.0
223,110.59066358024691,17.0761316872428,262576446800.913,-1.8097208567269263e-06,500.0,7,5.0
224,116.02777777777777,17.588383838383837,53624370303.36447,0.00013872063652797806,500.0,8,5.0
225,113.46597633136095,22.80078895463511,142018718799.4989,7.107573219400365e-05,500.0,17,5.0
226,104.04419191919192,27.538510101010104,57660490946.56173,0.0001763482050591847,500.0,19,5.0
227,0.0,0.0,0.0,0.0,500.0,1,5.1
228,104.74583333333332,12.141666666666667,7922162297.131056,3.700710544762842e-05,500.0,4,5.1
229,110.5959833072509,17.09833072509129,258960832090.29373,-1.8097208567269263e-06,500.0,5,5.1
230,116.05510752688173,17.559811827956988,50361077350.2186,0.00013729447641708248,500.0,6,5.1
231,113.45376016260164,22.76143292682927,137757734137.84973,7.107573219400365e-05,500.0,16,5.1
232,103.98015873015873,27.53061224489796,64175722629.79448,0.00019371416328795021,500.0,18,5.1
233,0.0,0.0,0.0,0.0,500.0,1,5.2
234,104.65555555555555,12.177777777777777,5942452005.096039,3.700710544762842e-05,500.0,4,5.2
235,110.60685483870968,17.138978494623654,251313096252.16254,-1.8097208567269263e-06,500.0,6,5.2
236,115.99768518518519,17.67824074074074,43888527033.73692,0.00013729447641708248,500.0,7,5.2
237,113.40800865800865,22.823593073593074,129427838464.85889,8.498962688463507e-05,500.0,16,5.2
238,104.01717557251908,27.515903307888042,57160754386.959366,0.00018513062059355434,500.0,19,5.2
239,0.0,0.0,0.0,0.0,500.0,1,5.3
240,110.62994350282486,17.141101694915253,239143697403.72693,-6.954187483643182e-06,500.0,6,5.3
241,115.83558558558559,17.70945945945946,30064349709.003708,0.00014249679134081816,500.0,7,5.3
242,113.44351230425055,22.858221476510067,125252647329.17847,9.248278183804359e-05,500.0,14,5.3
243,104.04978354978354,27.476190476190474,33613370293.023834,0.00019371416328795021,500.0,17,5.3
244,0.0,0.0,0.0,0.0,500.0,1,5.4
245,110.6355421686747,17.139414802065403,235492391960.3576,-1.8097208567269263e-06,500.0,12,5.4
246,115.85,17.741666666666667,28447768006.196686,0.00016405003225372639,500.0,13,5.4
247,113.39982578397212,22.866144018583043,120643502789.17958,9.578509707353078e-05,500.0,17,5.4
248,104.20833333333333,27.2734375,27886322062.02002,0.00019371416328795021,500.0,21,5.4
249,0.0,0.0,0.0,0.0,500.0,1,5.5
250,110.61596638655462,17.136834733893558,241182281030.29947,-1.8097208567269263e-06,500.0,9,5.5
251,115.86299435028249,17.73870056497175,23983484392.382088,0.0001779700778570259,500.0,10,5.5
252,113.45724907063197,22.86183395291202,113077280729.11563,9.449514982406981e-05,500.0,14,5.5
253,104.19808743169398,27.19672131147541,26560225130.419945,0.00019371416328795021,500.0,18,5.5
254,0.0,0.0,0.0,0.0,500.0,1,5.6
255,110.63056965595037,17.146785109983078,239575870314.26294,-1.8097208567269263e-06,500.0,8,5.6
256,115.81111111111112,17.796296296296298,18302918326.747787,0.00018227833697892493,500.0,9,5.6
257,113.45724907063197,22.86183395291202,113077280729.11563,9.449514982406981e-05,500.0,12,5.6
258,104.66304347826087,26.57971014492754,9959821550.268917,0.00019371416328795021,500.0,16,5.6
259,104.01785714285714,27.675595238095237,12244588903.846996,0.0002015432805819728,500.0,18,5.6
260,0.0,0.0,0.0,0.0,500.0,1,5.7
261,110.6098224513173,17.15893470790378,235937622383.96332,-1.8097208567269263e-06,500.0,11,5.7
262,115.76111111111112,17.82222222222222,12205077683.136135,0.00018227833697892493,500.0,12,5.7
263,113.46474358974359,22.81346153846154,109250954587.46828,9.449514982406981e-05,500.0,16,5.7
264,104.71111111111112,26.544444444444444,6492268416.802573,0.00019371416328795021,500.0,20,5.7
265,104.01785714285714,27.675595238095237,12244588903.846996,0.0002015432805819728,500.0,23,5.7
266,125.38494986699408,7.812257008389604,637565167621.3271,0.0001272187114409462,500.0,1,5.8
267,131.97529137529136,8.405594405594405,279929848689.36816,0.00025126264063146664,500.0,8,5.8
268,110.64903556359252,17.18053044002411,224198574072.5341,-1.8097208567269263e-06,500.0,12,5.8
269,115.61904761904762,18.27777777777778,8559544599.642934,0.00018606227149575716,500.0,16,5.8
270,113.44779507133592,22.827496757457848,108001240493.83138,9.449514982406981e-05,500.0,19,5.8
271,104.68888888888888,26.57222222222222,6492243978.219411,0.000202070664272469,500.0,24,5.8
272,104.0,27.8,8753815012.492723,0.00021216187178652035,500.0,27,5.8
273,125.38359293873312,7.828868120456906,628197681066.5217,0.0001272187114409462,500.0,1,5.9
274,131.9872521246459,8.407105760151087,276406071691.25995,0.00025126264063146664,500.0,6,5.9
275,110.6580459770115,17.18360556563823,223390283221.13055,-1.8097208567269263e-06,500.0,10,5.9
276,115.64814814814814,18.194444444444443,7332374809.590761,0.0001959294586413307,500.0,14,5.9
277,113.40594744121715,22.82607192254495,101274789481.61252,0.00015300908125936985,500.0,17,5.9
278,137.5661273754494,25.956535695942478,559544280901.0732,4.313707358960528e-05,500.0,18,5.9
279,104.67261904761905,26.559523809523807,6059056925.886064,0.000202070664272469,500.0,21,5.9
280,104.02192982456141,27.82456140350877,8317729023.914073,0.00021798637317260727,500.0,22,5.9
281,125.69978005865103,7.803396871945259,800648078998.6677,0.00024793286138447,500.0,1,6.0
282,131.9289577187807,8.37082104228122,265420373796.4713,0.00025126264063146664,500.0,5,6.0
283,110.6494146642021,17.171749845964264,219317382146.43677,2.2230428157854476e-05,500.0,10,6.0
284,113.42957746478874,22.839593114241,89509965578.16641,0.00018119392643711763,500.0,18,6.0
285,137.58365860005205,25.94958365860005,552051097024.6562,4.313707358960528e-05,500.0,19,6.0
286,104.125,28.0,5263143786.869383,0.0002543160935601918,500.0,24,6.0
287,139.42063492063494,29.46031746031746,9335495345.441286,0.00010819997260114178,500.0,27,6.0
288,125.35578437992346,7.874296646410084,579718498750.3387,0.0001272187114409462,500.0,1,6.1
289,131.91679123069258,8.384778276033883,261906961704.64105,0.00025126264063146664,500.0,5,6.1
290,110.63249063670412,17.15340199750312,216461922293.21152,2.2230428157854476e-05,500.0,10,6.1
291,113.42957746478874,22.839593114241,89509965578.16641,0.00018119392643711763,500.0,19,6.1
292,137.59345047923324,25.996671991480298,539777908485.2905,4.313707358960528e-05,500.0,20,6.1
293,104.125,28.0,5263143786.869383,0.0002543160935601918,500.0,24,6.1
294,139.359649122807,29.45614035087719,8445622562.443483,0.00010819997260114178,500.0,27,6.1
295,125.33431712962962,7.900405092592593,563699630248.8972,0.00013790729076390562,500.0,1,6.2
296,131.95132275132275,8.353174603174603,246611313966.62192,0.0002824483290169155,500.0,4,6.2
297,110.65012845215156,17.125561978163134,210343863962.91846,0.00011886718220921466,500.0,8,6.2
298,113.40695067264573,22.803064275037368,93691789443.3354,0.00018119392643711763,500.0,16,6.2
299,137.6376691521679,25.958367854183926,520119100982.76447,4.313707358960528e-05,500.0,17,6.2
300,104.125,28.0,5263143786.869383,0.0002543160935601918,500.0,21,6.2
301,139.33796296296296,29.444444444444443,8000136971.7837305,0.00011985858873231336,500.0,24,6.2
302,125.26748294346977,7.904361598440546,535532266521.21136,0.00013790729076390562,500.0,1,6.3
303,128.99166666666667,6.358333333333333,7793259699.630143,0.0002794065321722883,500.0,4,6.3
304,131.95772357723578,8.339972899728997,240729620432.67587,0.0002824483290169155,500.0,5,6.3
305,110.671875,17.146484375,207534099511.58896,0.00011886718220921466,500.0,9,6.3
306,113.41403903903904,22.805555555555554,93273009080.5423,0.00018119392643711763,500.0,15,6.3
307,137.6101065320998,25.93327726380712,512222107842.3912,4.313707358960528e-05,500.0,16,6.3
308,104.125,28.0,5263143786.869383,0.0002543160935601918,500.0,20,6.3
309,139.33796296296296,29.444444444444443,8000136971.7837305,0.00011985858873231336,500.0,22,6.3
310,125.27537037037037,7.859259259259259,528419134797.54675,0.00013790729076390562,500.0,1,6.4
311,132.28993435448578,8.302698760029177,178867991441.8733,0.0002501178187230835,500.0,4,6.4
312,110.6645129224652,17.150927766732934,203883104615.8662,0.000141822542900627,500.0,6,6.4
313,113.41403903903904,22.805555555555554,93273009080.5423,0.00018119392643711763,500.0,12,6.4
314,137.54531024531025,25.94076479076479,497596564332.81964,3.622800340963295e-05,500.0,13,6.4
315,104.125,28.0,5263143786.869383,0.0002543160935601918,500.0,18,6.4
316,139.33796296296296,29.444444444444443,8000136971.7837305,0.00011985858873231336,500.0,20,6.4
317,125.27443181818182,7.864141414141414,516683638523.8648,0.0001700523530416831,500.0,1,6.5
318,132.33465011286683,8.29326561324304,173383853825.39563,0.0002573938772911788,500.0,4,6.5
319,110.62227891156462,17.15799319727891,198622464158.6781,0.000141822542900627,500.0,6,6.5
320,113.43386850152905,22.82033639143731,91602326722.15587,0.00020595369915099582,500.0,10,6.5
321,137.5380466903073,25.95486111111111,486032459587.2283,3.622800340963295e-05,500.0,11,6.5
322,139.26666666666668,29.42222222222222,6664778598.126414,0.00012643967784242705,500.0,17,6.5
323,125.264490002531,7.84972158947102,515480841328.3881,0.0001700523530416831,500.0,1,6.6
324,130.3525641025641,6.903846153846154,5070756681.005728,0.0002913667440225254,500.0,4,6.6
325,132.1035447761194,8.507773631840797,209889051834.4521,0.0002573938772911788,500.0,5,6.6
326,110.60893470790379,17.16872852233677,196609270566.12396,0.00015341381367761642,500.0,6,6.6
327,113.42945736434108,22.8031007751938,90329433944.01057,0.00020595369915099582,500.0,10,6.6
328,137.5509648303766,26.023187052598818,461708059737.0197,3.835399547824636e-05,500.0,11,6.6
329,139.26666666666668,29.42222222222222,6664778598.126414,0.00012643967784242705,500.0,16,6.6
330,125.24032086979582,7.82663749668523,491979903649.59894,0.00018177332276536617,500.0,1,6.7
331,132.40076335877862,8.36323155216285,153838671196.81097,0.00022924591394257732,500.0,5,6.7
332,110.61670124481327,17.17029737206086,195393757042.1382,0.00015341381367761642,500.0,8,6.7
333,113.47398373983741,22.807317073170733,86132185234.45839,0.00020595369915099582,500.0,12,6.7
334,137.36334097859327,25.88704128440367,375452663641.503,8.838479834594182e-05,500.0,13,6.7
335,125.28442468337376,7.922527620587442,484250951738.6599,0.00018177332276536617,500.0,1,6.8
336,132.40614261168386,8.374570446735396,151885745199.7416,0.0002604790079203667,500.0,6,6.8
337,110.6177192982456,17.157543859649124,192547827485.655,0.00015341381367761642,500.0,9,6.8
338,113.48461538461538,22.766666666666666,81902895303.97224,0.00020595369915099582,500.0,13,6.8
339,137.2388618874038,25.903199675982176,354400034649.6582,8.838479834594182e-05,500.0,14,6.8
340,125.31542642140468,7.899456521739131,468169149424.17816,0.0001960081408469705,500.0,2,6.9
341,132.41152815013405,8.369973190348526,146011449164.5441,0.00031280217808671296,500.0,5,6.9
342,110.63584974471189,17.201677607585705,185293921457.4708,0.00015341381367761642,500.0,9,6.9
343,113.48461538461538,22.766666666666666,81902895303.97224,0.00020595369915099582,500.0,13,6.9
344,137.37717100868403,25.9937374749499,430239498665.1299,0.00011452520129751065,500.0,14,6.9
345,125.32010696733161,7.886672448684592,451332075981.5869,0.0001960081408469705,500.0,2,7.0
346,132.24211711711712,8.37912912912913,173802518255.92047,0.00031280217808671296,500.0,3,7.0
347,110.665,17.209629629629628,182459275724.62186,0.00016759262052801205,500.0,9,7.0
348,113.46422101449276,22.824275362318843,77318369523.9917,0.00020595369915099582,500.0,13,7.0
349,137.36405295315683,26.02817379497624,423451026590.548,0.00011452520129751065,500.0,14,7.0
350,125.29885576633545,7.843797049081602,433280828700.5374,0.00020323021180956857,500.0,2,7.1
351,132.32814992025519,8.313197767145136,163594086148.18985,0.00031280217808671296,500.0,3,7.1
352,110.66443452380952,17.216145833333332,181654045180.89853,0.00016759262052801205,500.0,8,7.1
353,113.4775641025641,22.814560439560438,76471391490.02661,0.00020595369915099582,500.0,12,7.1
354,137.06409364858598,25.944598980064907,309716833779.08234,0.00011452520129751065,500.0,13,7.1
355,125.23629807692308,7.896314102564102,407107315127.33514,0.00021143853700777981,500.0,2,7.2
356,132.33044554455446,8.350866336633663,158129257200.45108,0.00032631022622808814,500.0,8,7.2
357,110.65648567119155,17.211161387631975,179215574338.43362,0.00016759262052801205,500.0,11,7.2
358,113.46157407407406,22.82453703703704,75636060858.97917,0.00020595369915099582,500.0,14,7.2
359,136.98617123617123,25.912337662337663,298433672984.51733,0.00014714145709149307,500.0,15,7.2
360,125.15796656431252,7.99078812691914,382517347085.2308,0.00023003073692962062,500.0,4,7.3
361,132.41931216931218,8.364417989417989,147952040491.19507,0.00032631022622808814,500.0,7,7.3
362,110.62519379844962,17.20968992248062,174346752714.9827,0.00016759262052801205,500.0,9,7.3
363,113.47749042145593,22.816091954022987,73113250183.62584,0.000247158443016815,500.0,12,7.3
364,136.84742565468264,26.02241455836662,323759909787.77954,0.0002607090523270017,500.0,14,7.3
365,141.34126984126982,25.98015873015873,9046754201.193502,0.00014714145709149307,500.0,15,7.3
366,125.18181818181819,7.955338266384778,370343586852.77057,0.00023003073692962062,500.0,4,7.4
367,132.4106313834726,8.357242339832869,140510545525.54175,0.00032631022622808814,500.0,5,7.4
368,110.64799528301887,17.227790880503143,171929044643.32925,0.00016759262052801205,500.0,7,7.4
369,113.48001949317738,22.804093567251464,71844308489.36456,0.000247158443016815,500.0,10,7.4
370,136.7755376344086,25.8997311827957,266964585391.03915,0.0002607090523270017,500.0,12,7.4
371,141.34126984126982,25.98015873015873,9046754201.193502,0.00014714145709149307,500.0,13,7.4
372,125.12264150943396,7.977339992600814,352741499331.81744,0.00023003073692962062,500.0,3,7.5
373,132.4192415730337,8.348314606741573,139333064610.545,0.00032631022622808814,500.0,4,7.5
374,110.65205371248025,17.227685624012636,171116463455.29187,0.00017296581222581153,500.0,5,7.5
375,93.90416666666667,22.016666666666666,8353411791.932219,0.0002734076770138927,500.0,7,7.5
376,113.46919191919193,22.800505050505052,69322405965.75143,0.0003082722037106578,500.0,8,7.5
377,136.76192411924117,25.913414634146342,264846320564.69495,0.0002607090523270017,500.0,11,7.5
378,141.40196078431373,25.97549019607843,7323297475.4237175,0.00014714145709149307,500.0,12,7.5
379,125.12389210019268,7.999325626204239,338657786303.4239,0.0002631534621286846,500.0,2,7.6
380,132.39255014326648,8.358404966571156,136595886150.04286,0.00032631022622808814,500.0,3,7.6
381,110.61131239935588,17.232286634460547,167876037626.0112,0.00017296581222581153,500.0,4,7.6
382,93.91666666666666,22.029411764705884,7101488700.047831,0.0002734076770138927,500.0,6,7.6
383,113.46919191919193,22.800505050505052,69322405965.75143,0.0003082722037106578,500.0,7,7.6
384,136.70106035889071,25.93651441000544,264032716554.17426,0.0002607090523270017,500.0,10,7.6
385,125.08252720677146,8.046352277307538,323811524506.9928,0.000259372177424666,500.0,2,7.7
386,132.48511904761904,8.350694444444445,131511547575.42665,0.00032631022622808814,500.0,4,7.7
387,110.5971208434712,17.226277372262775,166655265532.69467,0.00017296581222581153,500.0,6,7.7
388,93.91666666666666,22.029411764705884,7101488700.047831,0.0002734076770138927,500.0,8,7.7
389,113.46919191919193,22.800505050505052,69322405965.75143,0.0003082722037106578,500.0,9,7.7
390,136.71293103448275,25.939224137931035,249823074390.68307,0.0002693698461371241,500.0,11,7.7
391,125.08386683738796,8.153969270166453,305884843580.3551,0.000259372177424666,500.0,2,7.8
392,132.84017412935322,8.214863184079602,104872781170.31088,0.000339521182468161,500.0,8,7.8
393,130.30769230769232,9.211538461538462,5100186793.582308,0.0003930018538085278,500.0,9,7.8
394,110.58250620347394,17.218982630272954,163410680041.22568,0.00017296581222581153,500.0,11,7.8
395,93.9375,22.020833333333332,6682708337.2546425,0.00028531452335300855,500.0,13,7.8
396,113.45347648261759,22.811349693251532,68487075334.70364,0.0003082722037106578,500.0,14,7.8
397,136.74589700056592,25.964487832484437,253754104337.3857,0.0002769471325336781,500.0,16,7.8
398,125.06085011185682,8.178635346756153,291802731555.50305,0.000259372177424666,500.0,2,7.9
399,133.02012882447664,8.289855072463768,81010635969.49074,0.000339521182468161,500.0,8,7.9
400,130.34722222222223,9.222222222222223,4707971968.342207,0.0003930018538085278,500.0,10,7.9
401,110.60600335852226,17.218094038623004,160974062735.34302,0.0001947478424426663,500.0,11,7.9
402,113.48602150537634,22.798387096774192,65118118452.83755,0.0003082722037106578,500.0,15,7.9
403,136.74010217113664,25.95450191570881,224864925885.22974,0.0002860667336790357,500.0,19,7.9
404,124.97213375796179,8.35682059447983,246082820065.4251,0.0002631534621286846,500.0,2,8.0
405,133.1572072072072,8.30945945945946,72404714625.24564,0.0003225088921681163,500.0,8,8.0
406,130.3181818181818,9.234848484848484,4315757143.102107,0.0003932354629796464,500.0,11,8.0
407,110.58715986394557,17.21343537414966,158935768856.3749,0.00024358040718652774,500.0,12,8.0
408,113.41952054794521,22.833904109589042,61351207586.71914,0.0003274566599884565,500.0,16,8.0
409,136.67368578255676,25.930555555555557,240330379887.7553,0.00030927193802199326,500.0,19,8.0
410,124.9561191626409,8.301395598497049,243299147849.96695,0.00027502890952746384,500.0,3,8.1
411,133.1181592039801,8.325041459369817,78672587531.36522,0.0003829808920272626,500.0,6,8.1
412,110.58931623931625,17.213247863247865,158124399122.71597,0.0002449023909321113,500.0,11,8.1
413,113.44307511737088,22.80575117370892,59658876088.01854,0.0003274566599884565,500.0,15,8.1
414,136.64541590771097,25.94687310261081,236477992352.61572,0.00030927193802199326,500.0,18,8.1
415,124.80534825870647,8.522388059701493,210105917041.50986,0.00027502890952746384,500.0,3,8.2
416,133.17938596491229,8.292543859649122,74360576983.4403,0.0003829808920272626,500.0,7,8.2
417,110.57258771929826,17.22872807017544,154083840571.99734,0.0002449023909321113,500.0,12,8.2
418,113.48232323232322,22.761363636363637,55438047921.66185,0.0003418097799112729,500.0,15,8.2
419,136.58960746460747,25.979568854568853,223196771100.18076,0.00033511660649310215,500.0,18,8.2
420,125.55184331797236,5.726190476190476,84470312122.25966,0.00027502890952746384,500.0,3,8.3
421,133.21351084812622,8.254930966469427,66132775632.648796,0.0003861394288833253,500.0,7,8.3
422,124.19694348327566,10.657439446366782,113895515637.79808,0.0002811906588249258,500.0,8,8.3
423,110.59744623655914,17.24283154121864,150850028785.4931,0.0002449023909321113,500.0,12,8.3
424,113.47135416666667,22.763020833333332,53758901288.654396,0.0003418097799112729,500.0,15,8.3
425,136.58960746460747,25.979568854568853,223196771100.18076,0.00033511660649310215,500.0,17,8.3
426,125.52750809061489,5.740291262135922,80189676061.52165,0.0002728444205786218,500.0,3,8.4
427,133.34360730593608,8.285388127853881,57138253430.93967,0.0003870674700010568,500.0,7,8.4
428,124.19390402075227,10.683203631647212,101289922570.43674,0.0002988125079355086,500.0,10,8.4
429,110.5505617977528,17.220271535580526,144344366085.9974,0.0002449023909321113,500.0,14,8.4
430,113.48809523809524,22.77116402116402,52921340563.06811,0.00034813918023246515,500.0,17,8.4
431,136.60545267489712,26.036865569272976,209533953276.66406,0.00032208064499172906,500.0,19,8.4
432,125.58511586452764,5.676470588235294,72786143539.81563,0.0002728444205786218,500.0,3,8.5
433,133.43703703703704,8.301234567901234,52833168887.57392,0.0004051800860906951,500.0,8,8.5
434,125.38888888888889,9.648148148148147,7070188231.971742,0.0003428766319757415,500.0,11,8.5
435,123.79136690647482,11.137889688249402,54865965827.95545,0.0003199062011844944,500.0,13,8.5
436,110.55307396733909,17.260806916426514,140725365034.79272,0.0002449023909321113,500.0,16,8.5
437,113.49733333333333,22.773333333333333,52502549524.83466,0.00034813918023246515,500.0,19,8.5
438,136.65625,26.016522988505745,199966789028.2932,0.0003569058044377016,500.0,21,8.5
439,125.5930799220273,5.692007797270955,66559619418.83895,0.0002728444205786218,500.0,2,8.6
440,133.45112781954887,8.293233082706767,52050349322.14534,0.0004051800860906951,500.0,6,8.6
441,125.359375,9.682291666666666,6285193075.310622,0.00035628326804726385,500.0,9,8.6
442,123.81284153005464,11.090846994535518,48147881174.95384,0.0003199062011844944,500.0,10,8.6
443,110.59660766961652,17.24975417895772,137472886390.81522,0.00032190256206376944,500.0,13,8.6
444,113.48361823361824,22.830484330484328,49164172219.87497,0.00037850104695280606,500.0,16,8.6
445,136.65708556149733,26.02606951871658,161197187313.34262,0.0003482652631419114,500.0,18,8.6
446,125.5090579710145,5.798309178743961,53724690331.94322,0.0002914461583714001,500.0,3,8.7
447,133.5,8.331317204301074,48533500725.513664,0.00039408079828717746,500.0,6,8.7
448,125.359375,9.682291666666666,6285193075.310622,0.00035628326804726385,500.0,8,8.7
449,123.82755775577559,11.145214521452147,39867703728.2147,0.0003199062011844944,500.0,10,8.7
450,110.59097633136095,17.24778106508876,137066552261.06361,0.0003303741241325042,500.0,15,8.7
451,113.48361823361824,22.830484330484328,49164172219.87497,0.00037850104695280606,500.0,18,8.7
452,136.675,26.042361111111113,155185065365.83768,0.0003515467078614165,500.0,19,8.7
453,126.52222222222221,4.833333333333333,11659941141.75924,0.00033126134894700954,500.0,3,8.8
454,124.98936170212765,6.526595744680851,36649172068.1947,0.00030856923694955185,500.0,5,8.8
455,133.41358024691357,8.322530864197532,42269764735.63604,0.00039408079828717746,500.0,8,8.8
456,125.3076923076923,9.685897435897436,5106844172.841391,0.00035628326804726385,500.0,9,8.8
457,123.88482384823848,11.157859078590787,48548362119.18763,0.00039577437382831704,500.0,13,8.8
458,110.59228016359918,17.255112474437627,132199130469.51106,0.0003303741241325042,500.0,14,8.8
459,113.50217391304348,22.821739130434782,48322001320.86147,0.00037850104695280606,500.0,16,8.8
460,136.63577586206895,26.024425287356323,149988551023.62756,0.0003515467078614165,500.0,17,8.8
461,126.47435897435898,4.8076923076923075,5052180945.656389,0.0003364601307112025,500.0,1,8.9
462,124.9437984496124,6.608527131782946,16764913580.961166,0.0003032332406291971,500.0,3,8.9
463,133.52616279069767,8.376937984496124,33662024970.37337,0.00042821229362743907,500.0,7,8.9
464,125.3076923076923,9.685897435897436,5106844172.841391,0.00035628326804726385,500.0,9,8.9
465,123.84709480122325,11.082568807339449,43013159446.43467,0.00039577437382831704,500.0,14,8.9
466,110.59228016359918,17.255112474437627,132199130469.51106,0.0003303741241325042,500.0,15,8.9
467,113.53795379537955,22.784653465346533,42428177566.93929,0.0003836477931145055,500.0,17,8.9
468,136.63020833333334,26.086588541666668,165581673493.82388,0.0003707084733832744,500.0,19,8.9
469,125.0219298245614,5.7631578947368425,7395144845.54772,0.0003118140266451519,500.0,2,9.0
470,124.85507246376811,7.3731884057971016,8981446609.036398,0.00030823589258943684,500.0,4,9.0
471,133.525,8.382291666666667,31314492834.331467,0.00042821229362743907,500.0,6,9.0
472,123.90740740740742,11.301587301587302,24880322617.554596,0.00039577437382831704,500.0,10,9.0
473,110.55362776025237,17.242376445846478,128555162371.91197,0.000337481488031699,500.0,11,9.0
474,113.53872053872054,22.766835016835014,41582824102.20358,0.0003836477931145055,500.0,13,9.0
475,136.69544198895028,26.101289134438304,156122673648.45926,0.0003800977733590116,500.0,14,9.0
476,125.02777777777779,5.722222222222222,5838302980.469473,0.0003118140266451519,500.0,2,9.1
477,124.86403508771929,7.324561403508771,7418831796.245342,0.00031708861206425354,500.0,4,9.1
478,133.4966216216216,8.324324324324325,28961203882.89071,0.00042821229362743907,500.0,5,9.1
479,123.85582010582011,11.23941798941799,24874725756.987743,0.0004095595795661211,500.0,11,9.1
480,110.55449735449734,17.25079365079365,127752001698.74318,0.000337481488031699,500.0,12,9.1
481,113.5484693877551,22.764455782312922,41163286169.10489,0.0003836477931145055,500.0,14,9.1
482,136.60006435006434,25.99034749034749,111593805335.49223,0.0003800977733590116,500.0,15,9.1
483,124.85416666666667,7.395833333333333,6248664231.810156,0.00031858628972258884,500.0,4,9.2
484,133.50897435897437,8.326923076923077,25439968559.666885,0.0004273786435078364,500.0,5,9.2
485,123.90566037735849,11.29245283018868,20929871580.81669,0.0003987095842603594,500.0,10,9.2
486,110.57822580645161,17.265591397849462,125726099223.31737,0.000337481488031699,500.0,11,9.2
487,113.59865900383143,22.773946360153257,36547449178.56664,0.0003863765803089336,500.0,13,9.2
488,136.7286756453423,26.13131313131313,128139007826.23053,0.0003894982828569482,500.0,14,9.2
489,124.87222222222222,7.416666666666667,5858399348.077097,0.00031858628972258884,500.0,1,9.3
490,133.63301282051282,8.336538461538462,20350478987.249878,0.00046058140287641436,500.0,2,9.3
491,124.17777777777778,11.455555555555556,11854224959.437359,0.0004374174041004153,500.0,8,9.3
492,110.57822580645161,17.265591397849462,125726099223.31737,0.000337481488031699,500.0,9,9.3
493,113.57613168724279,22.733539094650208,34019290491.01468,0.0003863765803089336,500.0,11,9.3
494,136.53454231433506,25.95336787564767,83127657552.56839,0.00038467406511699664,500.0,13,9.3
495,133.60745614035088,8.392543859649123,14875203077.958086,0.0004614194549503736,500.0,2,9.4
496,124.52272727272727,11.333333333333334,4344444156.168743,0.0004347321591922082,500.0,8,9.4
497,110.5752427184466,17.261057173678534,125311579169.28807,0.000337481488031699,500.0,10,9.4
498,113.51206140350877,22.75877192982456,31920724511.187332,0.0003863765803089336,500.0,12,9.4
499,136.3953488372093,25.90891472868217,74054032273.06058,0.00038467406511699664,500.0,14,9.4
500,133.54722222222222,8.227777777777778,11738205613.321148,0.0004614194549503736,500.0,2,9.5
501,110.5844191096634,17.26655808903366,124512036649.0072,0.000337481488031699,500.0,9,9.5
502,113.48452380952381,22.814285714285713,29412523703.620995,0.0004212864182591147,500.0,11,9.5
503,136.2953125,25.913541666666667,68902081299.823,0.00040485710519533313,500.0,13,9.5
504,133.57471264367817,8.290229885057471,11348242364.298395,0.0004614194549503736,500.0,2,9.6
505,110.56935307017545,17.27357456140351,123299473433.44058,0.000337481488031699,500.0,8,9.6
506,113.48452380952381,22.814285714285713,29412523703.620995,0.0004212864182591147,500.0,10,9.6
507,136.31801470588235,25.88296568627451,58547809343.165886,0.000429231029102084,500.0,12,9.6
508,110.54463276836158,17.28135593220339,119650807569.70082,0.000337481488031699,500.0,8,9.7
509,113.44590643274854,22.85672514619883,23955023700.259445,0.0004212864182591147,500.0,10,9.7
510,136.27,25.86733333333333,53819956918.47079,0.0004364727410575142,500.0,11,9.7
511,110.55383734249715,17.29381443298969,118035637987.28473,0.000337481488031699,500.0,5,9.8
512,113.44590643274854,22.85672514619883,23955023700.259445,0.0004212864182591147,500.0,7,9.8
513,136.50260416666666,25.575520833333332,27479309610.070522,0.0004322212364513689,500.0,8,9.8
514,135.48148148148147,26.569444444444443,7794592409.516925,0.0004564645378195564,500.0,9,9.8
515,110.54959630911188,17.29786620530565,117227265530.89534,0.000337481488031699,500.0,4,9.9
516,113.51470588235294,22.86928104575163,21435469490.140297,0.0004212864182591147,500.0,6,9.9
517,136.50555555555556,25.64074074074074,19335684600.616764,0.00045971344525241875,500.0,7,9.9
518,135.5,26.5,6058029157.6948185,0.0004564645378195564,500.0,8,9.9
519,110.54046762589928,17.339028776978417,112791708009.95567,0.000337481488031699,500.0,3,10.0
520,113.53819444444444,22.909722222222225,20180622191.49173,0.0004417185846250504,500.0,5,10.0
521,136.54166666666669,25.633333333333333,17181828433.46767,0.0004103480755475175,500.0,6,10.0
522,135.5,26.5,6058029157.6948185,0.0004564645378195564,500.0,7,10.0
523,110.51373626373626,17.3470695970696,110764515620.29834,0.000337481488031699,500.0,2,10.1
524,113.55319148936171,22.895390070921984,19757945459.12392,0.00044666439680440817,500.0,4,10.1
525,136.54824561403507,25.611842105263158,16321921935.270178,0.0004515249029282131,500.0,5,10.1
526,135.49242424242425,26.515151515151516,4760350736.401025,0.0004564645378195564,500.0,6,10.1
527,110.51679104477611,17.329912935323385,108729030424.57037,0.00042878785166067246,500.0,2,10.2
528,113.60683760683762,22.89957264957265,16395430225.09818,0.00044666439680440817,500.0,4,10.2
529,136.52,25.593333333333334,10735667310.845402,0.0004697086342275725,500.0,5,10.2
530,110.54834605597965,17.317748091603054,106290281779.15924,0.00043379634007578716,500.0,1,10.3
531,113.61342592592592,22.88888888888889,15132898713.505785,0.00046849565114825964,500.0,3,10.3
532,136.42592592592592,25.694444444444443,3868167698.1161413,0.0004702038590949087,500.0,4,10.3
533,110.55236270753512,17.32247765006386,105887684370.0386,0.00044399992202670546,500.0,1,10.4
534,113.72115384615384,22.82371794871795,10924251283.809404,0.0004777739359269617,500.0,3,10.4
535,110.53464052287582,17.298039215686273,103442325048.6243,0.00044557356795849046,500.0,1,10.5
536,113.68840579710145,22.86231884057971,9666395054.818907,0.0004777739359269617,500.0,3,10.5
537,110.51666666666667,17.293197278911563,99379546284.13948,0.00046489927626680583,500.0,1,10.6
538,113.73214285714286,23.065476190476193,5893670749.29427,0.0004777739359269617,500.0,5,10.6
539,110.53319502074689,17.277662517289073,97748474376.35674,0.00046489927626680583,500.0,1,10.7
540,110.53319502074689,17.277662517289073,97748474376.35674,0.00046489927626680583,500.0,1,10.8
541,110.56214689265538,17.29343220338983,95727738070.39995,0.00047979363989725243,500.0,1,10.9
542,110.53817914831131,17.262114537444933,92058134145.86813,0.0004863131994170544,500.0,1,11.0
543,110.55131172839505,17.290123456790123,87612794096.36284,0.0004867560746788513,500.0,1,11.1
544,110.546875,17.333333333333336,84388936813.32228,0.0005146331795913284,500.0,1,11.2
545,110.52682926829269,17.34430894308943,83174916363.6088,0.0005179791805858258,500.0,1,11.3
546,110.59876543209877,17.321869488536155,76672569111.79399,0.0005179791805858258,500.0,1,11.4
547,110.61408199643493,17.327985739750446,75863747180.69788,0.0005179791805858258,500.0,1,11.5
548,110.61408199643493,17.327985739750446,75863747180.69788,0.0005179791805858258,500.0,1,11.6
549,110.60630630630631,17.308108108108108,75049298669.93,0.0005437330369204574,500.0,1,11.7
550,110.64513108614231,17.308988764044944,72208025739.1275,0.0005479659530465142,500.0,1,11.8
551,110.64513108614231,17.308988764044944,72208025739.1275,0.0005479659530465142,500.0,1,11.9
552,110.64513108614231,17.308988764044944,72208025739.1275,0.0005479659530465142,500.0,1,12.0
553,110.64513108614231,17.308988764044944,72208025739.1275,0.0005479659530465142,500.0,1,12.1
554,110.61206896551724,17.310344827586206,70586041727.04938,0.0005479659530465142,500.0,1,12.2
555,110.61849710982659,17.315992292870906,70182418314.57053,0.0005507418904926453,500.0,1,12.3
556,110.60721247563352,17.326510721247566,69374649476.38997,0.0005507418904926453,500.0,1,12.4
557,110.65372670807453,17.30383022774327,65309429567.46188,0.000558163867026451,500.0,1,12.5
558,110.63291139240506,17.315928270042193,64095400051.278656,0.000558163867026451,500.0,1,12.6
559,110.66017316017317,17.329545454545453,62478782026.53993,0.000585311413033196,500.0,1,12.7
560,110.70319634703196,17.332762557077626,59232740416.13047,0.0005975595495328889,500.0,1,12.8
561,110.69871794871794,17.353729603729604,58021870178.69383,0.0005990462623230997,500.0,1,12.9
562,110.69871794871794,17.353729603729604,58021870178.69383,0.0005990462623230997,500.0,1,13.0
563,110.66666666666667,17.33756038647343,55988458832.104034,0.0006023440823810233,500.0,1,13.1
564,110.65458015267176,17.283715012722645,53132062638.38472,0.0006023440823810233,500.0,1,13.2
565,110.67896174863388,17.346311475409838,49498929912.85207,0.000621705999947153,500.0,1,13.3
566,110.63983050847457,17.3524011299435,47877476980.466805,0.000621705999947153,500.0,1,13.4
567,110.63105413105414,17.3482905982906,47471152270.93156,0.0006340813288261415,500.0,1,13.5
568,110.62127976190477,17.330357142857142,45437164071.10949,0.0006444694954552688,500.0,1,13.6
569,110.62127976190477,17.330357142857142,45437164071.10949,0.0006444694954552688,500.0,1,13.7
570,110.62272727272727,17.33030303030303,44626740132.06367,0.0006541411357829929,500.0,1,13.8
571,110.64485981308411,17.313862928348907,43407775361.75758,0.000668907756335102,500.0,1,13.9
572,110.64485981308411,17.313862928348907,43407775361.75758,0.000668907756335102,500.0,1,14.0
573,110.65487421383648,17.31761006289308,43002558654.148476,0.000668907756335102,500.0,1,14.1
574,110.6270226537217,17.310679611650485,41783538036.41275,0.0006797065898354049,500.0,1,14.2
575,110.58116883116882,17.162337662337663,31209190234.58173,0.000687183515765355,500.0,1,14.3
576,110.58,17.166666666666668,30399278719.34066,0.000687183515765355,500.0,1,14.4
577,110.4861111111111,17.180555555555557,26753233688.32093,0.0007007393437561404,500.0,1,14.5
578,110.51171875,17.178385416666668,25942250891.17246,0.0007049099144751381,500.0,1,14.6
579,110.46408045977012,17.198275862068964,23512488689.602394,0.0007094696957210544,500.0,1,14.7
580,110.48065476190477,17.21875,22704197838.198895,0.0007094696957210544,500.0,1,14.8
581,110.48270440251572,17.248427672955973,21491230481.400978,0.0007094696957210544,500.0,1,14.9
582,110.38178294573645,17.29263565891473,17440638170.569576,0.0007094696957210544,500.0,1,15.0
583,110.34868421052632,17.293859649122805,15413373072.688122,0.0007135240593925118,500.0,1,15.1
584,110.35416666666667,17.25462962962963,14598433266.682297,0.0007135240593925118,500.0,1,15.2
585,110.21604938271605,17.32716049382716,10953680835.5597,0.0007429261204379145,500.0,1,15.3
586,110.23076923076923,17.339743589743588,10548464127.950592,0.0007429261204379145,500.0,1,15.4
587,110.23076923076923,17.339743589743588,10548464127.950592,0.0007429261204379145,500.0,1,15.5
588,110.25694444444444,17.319444444444446,9736931948.871788,0.0007593726618324581,500.0,1,15.6
589,110.28030303030302,17.356060606060606,8927038735.868132,0.0007593726618324581,500.0,1,15.7
590,110.33333333333333,17.427083333333332,6495115377.636284,0.0007712656160947517,500.0,2,15.8
591,110.31111111111112,17.42222222222222,6088781370.512866,0.0007712656160947517,500.0,1,15.9
592,110.31111111111112,17.42222222222222,6088781370.512866,0.0007712656160947517,500.0,1,16.0
593,110.31111111111112,17.42222222222222,6088781370.512866,0.0007712656160947517,500.0,1,16.1
594,110.25,17.444444444444446,4871473863.829226,0.0007808619711795473,500.0,1,16.2
595,110.25,17.477272727272727,4466257156.220036,0.0007808619711795473,500.0,1,16.3
596,110.25,17.477272727272727,4466257156.220036,0.0007808619711795473,500.0,1,16.4
